datetime,stock_code,open,high,low,close,volume,open_interest
2010-10-14 12:10:00,ASHBUI,76.0,80.6,68.47,73.5,14586970,
2010-10-15 12:10:00,ASHBUI,72.22,73.43,67.81,70.12,1786738,
2010-10-18 12:10:00,ASHBUI,69.92,71.42,67.39,68.11,244792,
2010-10-19 12:10:00,ASHBUI,68.36,78.02,68.11,70.66,1868320,
2010-10-20 12:10:00,ASHBUI,70.66,74.22,69.13,70.68,602906,
2010-10-21 12:10:00,ASHBUI,80.67,80.67,70.44,70.84,182807,
2010-10-22 12:10:00,ASHBUI,68.89,72.18,68.89,70.17,117613,
2010-10-25 12:10:00,ASHBUI,70.22,71.49,68.9,69.3,92065,
2010-10-26 12:10:00,ASHBUI,69.39,70.39,67.42,68.04,53355,
2010-10-27 12:10:00,ASHBUI,67.11,70.22,66.89,68.99,63026,
2010-10-28 12:10:00,ASHBUI,68.23,69.28,67.56,68.17,47698,
2010-10-29 12:10:00,ASHBUI,67.58,70.33,67.58,69.36,87509,
2010-11-01 12:11:00,ASHBUI,70.06,70.67,68.69,69.27,30333,
2010-11-02 12:11:00,ASHBUI,68.89,69.44,67.33,68.67,30455,
2010-11-03 12:11:00,ASHBUI,69.11,69.36,67.82,68.16,12124,
2010-11-04 12:11:00,ASHBUI,67.13,69.39,67.01,68.93,21593,
2010-11-05 12:11:00,ASHBUI,69.28,69.28,68.06,68.59,2746,
2010-11-08 12:11:00,ASHBUI,68.89,69.78,67.01,68.77,17314,
2010-11-09 12:11:00,ASHBUI,68.07,69.69,68.06,69.36,35828,
2010-11-10 12:11:00,ASHBUI,68.22,69.93,68.11,69.44,14426,
2010-11-11 12:11:00,ASHBUI,68.92,69.73,68.7,69.41,13600,
2010-11-12 12:11:00,ASHBUI,68.89,72.89,68.89,71.13,67519,
2010-11-15 12:11:00,ASHBUI,71.12,71.58,67.56,68.03,16056,
2010-11-16 12:11:00,ASHBUI,68.38,69.33,68.02,68.31,126256,
2010-11-18 12:11:00,ASHBUI,68.22,69.17,67.92,68.58,90223,
2010-11-19 12:11:00,ASHBUI,68.06,68.89,67.62,68.23,8061,
2010-11-22 12:11:00,ASHBUI,67.83,68.79,67.78,68.47,6995,
2010-11-23 12:11:00,ASHBUI,67.8,68.44,67.78,68.09,29155,
2010-11-24 12:11:00,ASHBUI,67.81,68.22,66.89,67.71,61845,
2010-11-25 12:11:00,ASHBUI,67.0,67.56,63.34,67.12,19193,
2010-11-26 12:11:00,ASHBUI,65.56,67.11,65.56,65.6,11611,
2010-11-29 12:11:00,ASHBUI,65.8,67.11,65.13,65.66,8107,
2010-11-30 12:11:00,ASHBUI,64.68,66.16,64.47,65.14,3448,
2010-12-01 12:12:00,ASHBUI,66.61,66.62,64.89,65.07,7432,
2010-12-02 12:12:00,ASHBUI,64.91,68.22,64.91,67.57,3455,
2010-12-03 12:12:00,ASHBUI,66.01,66.42,64.92,65.26,3324,
2010-12-06 12:12:00,ASHBUI,65.56,66.22,64.94,65.56,2857,
2010-12-07 12:12:00,ASHBUI,65.33,66.0,64.22,64.94,42305,
2010-12-08 12:12:00,ASHBUI,65.44,65.78,63.91,64.71,45236,
2010-12-09 12:12:00,ASHBUI,65.78,66.0,64.67,64.68,3666,
2010-12-10 12:12:00,ASHBUI,64.78,65.31,64.5,64.7,2308,
2010-12-13 12:12:00,ASHBUI,65.56,66.44,64.24,64.37,12968,
2010-12-14 12:12:00,ASHBUI,65.33,65.33,64.24,64.44,3541,
2010-12-15 12:12:00,ASHBUI,64.44,65.72,63.8,63.9,2357,
2010-12-16 12:12:00,ASHBUI,64.43,65.09,64.0,64.02,964,
2010-12-20 12:12:00,ASHBUI,64.67,64.67,63.78,63.89,3843,
2010-12-21 12:12:00,ASHBUI,64.67,64.67,63.8,64.12,3263,
2010-12-22 12:12:00,ASHBUI,64.44,64.44,63.96,64.01,2073,
2010-12-23 12:12:00,ASHBUI,64.33,64.67,63.78,63.78,7213,
2010-12-24 12:12:00,ASHBUI,64.18,64.4,63.78,63.92,1393,
2010-12-27 12:12:00,ASHBUI,64.22,65.11,64.0,64.51,3038,
2010-12-28 12:12:00,ASHBUI,64.44,66.02,64.44,65.23,2258,
2010-12-29 12:12:00,ASHBUI,66.22,69.56,66.22,67.71,20476,
2010-12-30 12:12:00,ASHBUI,67.12,68.0,66.47,67.71,15901,
2010-12-31 12:12:00,ASHBUI,67.11,68.89,66.67,68.31,51901,
2011-01-03 12:01:00,ASHBUI,66.52,68.0,65.12,67.56,7521,
2011-01-04 12:01:00,ASHBUI,68.44,68.44,66.47,66.66,3949,
2011-01-05 12:01:00,ASHBUI,66.68,67.56,66.61,66.98,2276,
2011-01-06 12:01:00,ASHBUI,66.69,67.78,66.69,66.77,801,
2011-01-07 12:01:00,ASHBUI,66.77,67.73,66.47,66.58,19084,
2011-01-10 12:01:00,ASHBUI,66.47,66.64,65.34,65.43,1567,
2011-01-11 12:01:00,ASHBUI,66.67,67.78,63.67,63.77,4470,
2011-01-12 12:01:00,ASHBUI,63.78,65.54,63.78,64.59,973,
2011-01-13 12:01:00,ASHBUI,64.11,64.44,63.67,63.83,675,
2011-01-14 12:01:00,ASHBUI,63.11,64.12,63.11,63.81,1891,
2011-01-17 12:01:00,ASHBUI,64.06,64.22,63.03,63.37,760,
2011-01-18 12:01:00,ASHBUI,62.91,64.67,60.22,63.56,3654,
2011-01-19 12:01:00,ASHBUI,62.89,63.67,61.78,62.53,88418,
2011-01-21 12:01:00,ASHBUI,61.11,61.97,60.89,61.03,542,
2011-01-24 12:01:00,ASHBUI,60.03,63.32,59.33,60.78,651,
2011-01-25 12:01:00,ASHBUI,62.43,62.43,60.33,60.99,339,
2011-01-27 12:01:00,ASHBUI,60.89,60.91,58.91,59.72,467,
2011-01-28 12:01:00,ASHBUI,58.92,62.44,58.89,60.11,1755,
2011-01-31 12:01:00,ASHBUI,60.02,60.02,56.98,59.2,2399,
2011-02-01 12:02:00,ASHBUI,58.03,58.31,56.29,56.71,5901,
2011-02-03 12:02:00,ASHBUI,57.56,65.56,56.67,56.79,5668,
2011-02-04 12:02:00,ASHBUI,58.0,58.43,56.69,56.7,857,
2011-02-07 12:02:00,ASHBUI,57.79,58.0,57.13,57.5,883,
2011-02-08 12:02:00,ASHBUI,56.9,57.44,56.69,56.7,1006,
2011-02-09 12:02:00,ASHBUI,56.69,58.43,56.69,56.7,1745,
2011-02-10 12:02:00,ASHBUI,56.69,57.78,56.67,56.76,5422,
2011-02-11 12:02:00,ASHBUI,57.47,62.2,56.69,56.9,2815,
2011-02-14 12:02:00,ASHBUI,57.19,64.44,57.18,61.83,2410,
2011-02-15 12:02:00,ASHBUI,65.32,65.32,59.11,60.69,896,
2011-02-16 12:02:00,ASHBUI,58.91,60.64,58.91,59.06,824,
2011-02-17 12:02:00,ASHBUI,59.98,60.88,58.89,59.28,834,
2011-02-18 12:02:00,ASHBUI,58.89,59.73,58.56,58.58,347,
2011-02-21 12:02:00,ASHBUI,58.9,63.1,58.9,60.82,14695,
2011-02-22 12:02:00,ASHBUI,60.78,64.0,59.11,61.99,4549,
2011-02-23 12:02:00,ASHBUI,63.77,63.77,58.22,61.18,3854,
2011-02-24 12:02:00,ASHBUI,62.0,62.17,58.44,58.89,724,
2011-02-25 12:02:00,ASHBUI,58.02,61.11,51.33,56.79,10370,
2011-02-28 12:02:00,ASHBUI,57.78,57.78,54.51,54.77,8047,
2011-03-01 12:03:00,ASHBUI,55.33,57.11,53.34,55.56,12306,
2011-03-03 12:03:00,ASHBUI,56.66,56.66,54.03,54.93,808,
2011-03-04 12:03:00,ASHBUI,52.47,54.89,52.47,54.43,1584,
2011-03-07 12:03:00,ASHBUI,53.33,56.0,51.59,55.67,2034,
2011-03-08 12:03:00,ASHBUI,53.56,58.78,53.33,56.82,3143,
2011-03-09 12:03:00,ASHBUI,56.22,60.0,54.44,58.81,8534,
2011-03-10 12:03:00,ASHBUI,56.7,59.71,55.56,57.78,3675,
2011-03-11 12:03:00,ASHBUI,56.66,59.33,56.44,59.11,1595,
2011-03-14 12:03:00,ASHBUI,56.44,62.21,55.82,60.79,3342,
2011-03-15 12:03:00,ASHBUI,58.91,61.11,58.02,60.04,2805,
2011-03-16 12:03:00,ASHBUI,60.0,60.67,58.94,60.22,2987,
2011-03-17 12:03:00,ASHBUI,60.44,62.1,60.44,61.31,2219,
2011-03-18 12:03:00,ASHBUI,62.67,63.11,61.11,61.56,2228,
2011-03-21 12:03:00,ASHBUI,59.12,63.11,59.12,62.11,540,
2011-03-22 12:03:00,ASHBUI,62.28,63.33,61.11,63.03,6096,
2011-03-23 12:03:00,ASHBUI,62.72,64.89,62.0,63.74,5741,
2011-03-24 12:03:00,ASHBUI,62.22,66.0,62.22,65.58,28405,
2011-03-25 12:03:00,ASHBUI,65.54,68.0,63.9,67.37,104362,
2011-03-28 12:03:00,ASHBUI,66.67,68.22,64.49,67.92,38631,
2011-03-29 12:03:00,ASHBUI,66.89,67.51,64.47,65.7,5165,
2011-03-30 12:03:00,ASHBUI,64.57,67.07,64.57,66.67,6113,
2011-03-31 12:03:00,ASHBUI,64.9,67.64,64.89,67.08,317777,
2011-04-01 12:04:00,ASHBUI,67.11,67.22,64.48,65.47,541,
2011-04-04 12:04:00,ASHBUI,66.22,66.22,64.67,64.79,606,
2011-04-05 12:04:00,ASHBUI,64.47,66.67,64.44,66.54,1533,
2011-04-06 12:04:00,ASHBUI,67.33,67.33,65.64,66.7,642,
2011-04-07 12:04:00,ASHBUI,67.09,67.78,65.06,67.73,10129,
2011-04-08 12:04:00,ASHBUI,66.67,67.78,66.44,67.53,12408,
2011-04-11 12:04:00,ASHBUI,66.89,67.56,63.67,64.88,3539,
2011-04-13 12:04:00,ASHBUI,66.63,66.67,62.22,63.39,1570,
2011-04-15 12:04:00,ASHBUI,63.56,64.33,58.89,60.1,4033,
2011-04-18 12:04:00,ASHBUI,62.2,62.2,57.34,58.88,2870,
2011-04-19 12:04:00,ASHBUI,58.0,59.42,55.98,56.91,10663,
2011-04-20 12:04:00,ASHBUI,55.78,59.94,55.78,58.68,3300,
2011-04-21 12:04:00,ASHBUI,57.76,59.67,56.71,57.42,1193,
2011-04-25 12:04:00,ASHBUI,58.44,58.89,57.34,57.84,290,
2011-04-26 12:04:00,ASHBUI,57.78,57.84,56.67,57.71,580,
2011-04-27 12:04:00,ASHBUI,58.06,58.06,56.93,57.1,1065,
2011-04-28 12:04:00,ASHBUI,57.96,57.98,57.33,57.58,1043,
2011-04-29 12:04:00,ASHBUI,57.78,57.98,56.89,57.78,2217,
2011-05-02 12:05:00,ASHBUI,58.0,58.84,57.38,57.83,996,
2011-05-03 12:05:00,ASHBUI,57.11,58.21,57.11,57.71,860,
2011-05-04 12:05:00,ASHBUI,57.11,59.64,56.9,57.71,10345,
2011-05-05 12:05:00,ASHBUI,58.33,58.84,58.0,58.0,1607,
2011-05-06 12:05:00,ASHBUI,57.91,58.87,57.89,58.01,634,
2011-05-09 12:05:00,ASHBUI,57.78,58.67,57.78,58.07,225,
2011-05-10 12:05:00,ASHBUI,59.33,61.11,58.07,61.09,9484,
2011-05-11 12:05:00,ASHBUI,59.58,61.78,59.58,60.67,801,
2011-05-12 12:05:00,ASHBUI,60.08,60.67,60.0,60.44,939,
2011-05-13 12:05:00,ASHBUI,60.71,60.83,60.01,60.06,2964,
2011-05-16 12:05:00,ASHBUI,60.02,60.06,59.78,60.0,2789,
2011-05-17 12:05:00,ASHBUI,59.56,60.0,58.33,59.98,10578,
2011-05-18 12:05:00,ASHBUI,59.99,60.0,58.44,58.63,2869,
2011-05-19 12:05:00,ASHBUI,58.33,60.22,56.68,58.41,1178,
2011-05-20 12:05:00,ASHBUI,57.8,58.64,57.33,57.72,130,
2011-05-23 12:05:00,ASHBUI,56.68,57.33,54.9,56.31,997,
2011-05-24 12:05:00,ASHBUI,57.32,57.33,55.39,55.58,1790,
2011-05-25 12:05:00,ASHBUI,55.11,57.11,55.11,55.6,150,
2011-05-26 12:05:00,ASHBUI,55.8,56.67,55.12,55.16,239,
2011-05-27 12:05:00,ASHBUI,55.56,56.66,55.11,55.67,330,
2011-05-30 12:05:00,ASHBUI,55.48,57.11,55.11,55.91,386,
2011-05-31 12:05:00,ASHBUI,55.78,62.52,55.36,60.91,4711,
2011-06-01 12:06:00,ASHBUI,60.06,60.24,58.22,59.53,452,
2011-06-02 12:06:00,ASHBUI,58.0,59.56,57.8,58.34,480,
2011-06-03 12:06:00,ASHBUI,57.79,59.32,57.36,57.48,724,
2011-06-06 12:06:00,ASHBUI,56.94,58.22,56.94,57.78,152,
2011-06-07 12:06:00,ASHBUI,58.88,58.88,56.89,58.22,463,
2011-06-08 12:06:00,ASHBUI,56.91,59.23,56.91,59.22,613,
2011-06-09 12:06:00,ASHBUI,58.89,59.56,58.67,59.0,2271,
2011-06-10 12:06:00,ASHBUI,57.13,57.78,56.69,57.76,1984,
2011-06-13 12:06:00,ASHBUI,58.67,58.67,55.81,56.73,1863,
2011-06-14 12:06:00,ASHBUI,58.67,58.67,55.92,56.11,3612,
2011-06-15 12:06:00,ASHBUI,56.44,56.89,55.78,56.66,102,
2011-06-16 12:06:00,ASHBUI,56.44,57.28,56.44,56.76,773,
2011-06-17 12:06:00,ASHBUI,55.57,57.11,55.57,56.31,501,
2011-06-20 12:06:00,ASHBUI,55.58,56.0,53.33,54.98,1404,
2011-06-21 12:06:00,ASHBUI,54.47,56.22,52.89,55.47,1452,
2011-06-22 12:06:00,ASHBUI,55.78,56.22,54.44,55.44,672,
2011-06-23 12:06:00,ASHBUI,54.57,55.56,54.44,54.84,844,
2011-06-24 12:06:00,ASHBUI,55.17,56.22,55.17,56.08,705,
2011-06-27 12:06:00,ASHBUI,54.11,57.29,54.11,56.68,2213,
2011-06-28 12:06:00,ASHBUI,54.22,57.11,54.22,57.07,1027,
2011-06-29 12:06:00,ASHBUI,56.67,57.56,55.34,57.46,2007,
2011-06-30 12:06:00,ASHBUI,55.8,60.22,55.8,59.57,14479,
2011-07-01 12:07:00,ASHBUI,58.22,61.67,58.02,61.31,5526,
2011-07-04 12:07:00,ASHBUI,58.11,61.78,58.11,61.09,2812,
2011-07-05 12:07:00,ASHBUI,60.27,61.33,59.38,60.99,1084,
2011-07-06 12:07:00,ASHBUI,58.5,61.46,58.49,61.26,7745,
2011-07-07 12:07:00,ASHBUI,60.0,62.68,59.77,61.97,18650,
2011-07-11 12:07:00,ASHBUI,61.11,62.22,60.22,61.63,2438,
2011-07-12 12:07:00,ASHBUI,60.89,62.67,60.89,62.44,9286,
2011-07-13 12:07:00,ASHBUI,61.38,63.33,61.38,63.17,41388,
2011-07-14 12:07:00,ASHBUI,62.24,63.33,62.24,62.47,773,
2011-07-15 12:07:00,ASHBUI,62.22,62.87,61.57,62.02,187,
2011-07-18 12:07:00,ASHBUI,61.78,61.86,61.33,61.4,402,
2011-07-19 12:07:00,ASHBUI,60.89,61.56,60.48,60.51,916,
2011-07-20 12:07:00,ASHBUI,60.07,60.44,60.06,60.08,344,
2011-07-21 12:07:00,ASHBUI,60.0,61.09,60.0,60.88,198,
2011-07-22 12:07:00,ASHBUI,59.57,61.1,59.56,59.96,363,
2011-07-25 12:07:00,ASHBUI,59.56,60.44,56.89,59.32,2040,
2011-07-26 12:07:00,ASHBUI,58.64,61.76,58.64,60.29,263,
2011-07-27 12:07:00,ASHBUI,59.33,59.77,58.94,59.38,218,
2011-07-28 12:07:00,ASHBUI,59.11,60.39,59.0,59.78,700,
2011-07-29 12:07:00,ASHBUI,59.78,60.22,58.44,59.42,9383,
2011-08-01 12:08:00,ASHBUI,58.68,62.22,58.0,61.17,1589,
2011-08-02 12:08:00,ASHBUI,59.38,60.87,59.38,60.87,798,
2011-08-03 12:08:00,ASHBUI,58.91,61.11,58.5,60.66,1705,
2011-08-04 12:08:00,ASHBUI,59.63,60.44,59.17,59.79,98,
2011-08-05 12:08:00,ASHBUI,58.91,60.44,57.78,59.93,1220,
2011-08-08 12:08:00,ASHBUI,57.8,60.67,52.67,59.86,6633,
2011-08-09 12:08:00,ASHBUI,57.8,62.0,56.89,59.3,4208,
2011-08-10 12:08:00,ASHBUI,59.0,60.0,58.99,60.0,522,
2011-08-11 12:08:00,ASHBUI,59.33,60.4,58.3,59.8,862,
2011-08-12 12:08:00,ASHBUI,58.9,61.99,58.53,60.13,1690,
2011-08-16 12:08:00,ASHBUI,58.98,60.0,58.31,58.83,892,
2011-08-17 12:08:00,ASHBUI,57.84,58.89,57.1,58.62,1716,
2011-08-18 12:08:00,ASHBUI,57.78,58.88,57.78,57.81,1262,
2011-08-19 12:08:00,ASHBUI,57.78,58.66,57.78,57.82,780,
2011-08-22 12:08:00,ASHBUI,57.78,59.56,57.78,57.78,1268,
2011-08-23 12:08:00,ASHBUI,57.79,57.79,57.78,57.78,542,
2011-08-24 12:08:00,ASHBUI,57.79,58.64,57.78,57.81,532,
2011-08-25 12:08:00,ASHBUI,57.79,61.1,57.78,59.37,702,
2011-08-26 12:08:00,ASHBUI,57.84,58.44,56.91,57.72,513,
2011-08-29 12:08:00,ASHBUI,58.89,59.33,57.79,58.87,422,
2011-08-30 12:08:00,ASHBUI,59.78,64.46,57.77,62.68,50624,
2011-09-02 12:09:00,ASHBUI,62.68,62.68,60.44,61.0,250,
2011-09-05 12:09:00,ASHBUI,60.0,60.87,58.49,60.32,390,
2011-09-06 12:09:00,ASHBUI,60.0,60.01,60.0,60.0,118,
2011-09-07 12:09:00,ASHBUI,60.01,63.56,60.01,60.99,2735,
2011-09-08 12:09:00,ASHBUI,63.31,63.31,60.44,60.58,9875,
2011-09-09 12:09:00,ASHBUI,59.57,60.02,58.33,59.03,501,
2011-09-12 12:09:00,ASHBUI,58.24,58.88,58.0,58.82,234,
2011-09-13 12:09:00,ASHBUI,58.24,58.89,56.91,57.72,127,
2011-09-14 12:09:00,ASHBUI,57.78,58.67,57.37,57.66,1321,
2011-09-15 12:09:00,ASHBUI,56.69,61.11,56.24,59.89,1370,
2011-09-16 12:09:00,ASHBUI,57.8,59.33,56.9,58.18,239,
2011-09-19 12:09:00,ASHBUI,58.22,59.32,57.78,58.44,269,
2011-09-20 12:09:00,ASHBUI,57.67,58.89,57.67,58.51,172,
2011-09-21 12:09:00,ASHBUI,57.26,58.78,56.46,56.9,600,
2011-09-22 12:09:00,ASHBUI,56.91,58.67,55.11,55.56,23971,
2011-09-23 12:09:00,ASHBUI,54.67,55.56,54.67,55.27,312,
2011-09-26 12:09:00,ASHBUI,54.67,54.67,53.33,54.39,599,
2011-09-27 12:09:00,ASHBUI,54.83,54.89,53.78,54.07,242,
2011-09-28 12:09:00,ASHBUI,54.44,55.11,53.57,54.49,236,
2011-09-29 12:09:00,ASHBUI,54.88,54.88,53.51,53.79,597,
2011-09-30 12:09:00,ASHBUI,53.78,53.96,51.33,53.96,677,
2011-10-03 12:10:00,ASHBUI,53.78,54.44,53.33,53.72,299,
2011-10-04 12:10:00,ASHBUI,53.78,56.0,53.33,54.42,572,
2011-10-05 12:10:00,ASHBUI,55.51,55.52,55.49,55.5,64,
2011-10-07 12:10:00,ASHBUI,54.12,55.47,53.36,53.83,391,
2011-10-10 12:10:00,ASHBUI,54.33,54.44,53.83,54.21,188,
2011-10-11 12:10:00,ASHBUI,53.8,56.22,53.78,55.3,348,
2011-10-12 12:10:00,ASHBUI,55.09,55.78,54.01,54.79,963,
2011-10-13 12:10:00,ASHBUI,56.44,59.98,52.89,52.96,15500,
2011-10-14 12:10:00,ASHBUI,53.33,53.33,52.89,53.26,505,
2011-10-17 12:10:00,ASHBUI,53.94,57.66,53.94,55.58,2047,
2011-10-18 12:10:00,ASHBUI,53.36,53.36,52.89,53.29,1560,
2011-10-19 12:10:00,ASHBUI,54.44,54.44,52.89,53.33,350,
2011-10-20 12:10:00,ASHBUI,53.11,54.42,52.89,54.01,255,
2011-10-21 12:10:00,ASHBUI,53.13,53.16,52.89,52.91,452,
2011-10-24 12:10:00,ASHBUI,53.13,54.43,53.11,53.78,59,
2011-10-25 12:10:00,ASHBUI,52.89,53.11,52.89,52.89,537,
2011-10-26 12:10:00,ASHBUI,52.89,54.67,52.89,53.06,260,
2011-10-31 12:10:00,ASHBUI,53.13,54.22,53.13,53.89,123,
2011-11-01 12:11:00,ASHBUI,53.11,54.22,53.11,53.27,79,
2011-11-02 12:11:00,ASHBUI,53.11,53.22,52.91,52.91,155,
2011-11-03 12:11:00,ASHBUI,53.11,54.44,52.89,54.34,1639,
2011-11-04 12:11:00,ASHBUI,54.22,54.22,52.89,52.94,179,
2011-11-08 12:11:00,ASHBUI,53.11,53.33,52.89,52.89,501,
2011-11-09 12:11:00,ASHBUI,53.11,54.0,53.06,53.14,65,
2011-11-11 12:11:00,ASHBUI,53.33,54.1,52.89,53.46,440,
2011-11-14 12:11:00,ASHBUI,53.11,53.98,52.89,53.01,347,
2011-11-15 12:11:00,ASHBUI,53.11,53.66,52.89,53.17,326,
2011-11-16 12:11:00,ASHBUI,53.11,54.44,52.89,53.22,90541,
2011-11-17 12:11:00,ASHBUI,53.11,53.33,52.89,53.04,458,
2011-11-18 12:11:00,ASHBUI,53.33,53.33,52.89,52.89,858,
2011-11-21 12:11:00,ASHBUI,53.33,53.33,52.89,52.9,657,
2011-11-22 12:11:00,ASHBUI,53.33,53.33,48.9,53.3,471,
2011-11-23 12:11:00,ASHBUI,52.89,53.33,52.89,53.09,652,
2011-11-24 12:11:00,ASHBUI,53.28,53.28,52.89,53.06,433,
2011-11-25 12:11:00,ASHBUI,53.11,53.3,52.89,53.02,913,
2011-11-28 12:11:00,ASHBUI,53.33,53.33,52.89,53.28,518,
2011-11-29 12:11:00,ASHBUI,53.08,53.32,52.67,52.78,345,
2011-11-30 12:11:00,ASHBUI,52.79,53.33,47.56,48.3,12083,
2011-12-01 12:12:00,ASHBUI,48.89,51.1,41.31,44.51,30572,
2011-12-02 12:12:00,ASHBUI,45.33,46.0,43.56,45.56,2968,
2011-12-05 12:12:00,ASHBUI,46.42,46.54,45.33,45.96,1610,
2011-12-07 12:12:00,ASHBUI,46.56,46.56,45.22,45.52,344,
2011-12-08 12:12:00,ASHBUI,44.89,46.0,44.44,44.44,274,
2011-12-09 12:12:00,ASHBUI,44.44,44.44,39.99,43.32,5722,
2011-12-12 12:12:00,ASHBUI,44.14,44.14,42.22,43.03,3759,
2011-12-13 12:12:00,ASHBUI,43.11,43.56,41.11,42.0,547,
2011-12-14 12:12:00,ASHBUI,41.11,42.22,41.11,41.47,995,
2011-12-15 12:12:00,ASHBUI,41.11,42.22,41.11,41.52,829,
2011-12-16 12:12:00,ASHBUI,42.44,42.44,41.11,41.19,69487,
2011-12-19 12:12:00,ASHBUI,44.4,44.4,40.46,40.92,14107,
2011-12-20 12:12:00,ASHBUI,44.11,44.11,41.11,41.41,483,
2011-12-21 12:12:00,ASHBUI,41.78,42.87,40.44,40.52,5887,
2011-12-22 12:12:00,ASHBUI,40.02,41.33,40.0,41.03,323,
2011-12-23 12:12:00,ASHBUI,41.62,42.67,40.51,41.12,12672,
2011-12-26 12:12:00,ASHBUI,40.0,42.22,40.0,42.19,2716,
2011-12-27 12:12:00,ASHBUI,42.0,42.0,40.56,41.1,8328,
2011-12-28 12:12:00,ASHBUI,41.12,41.78,41.11,41.11,355,
2011-12-29 12:12:00,ASHBUI,41.12,41.12,41.12,41.12,2,
2011-12-30 12:12:00,ASHBUI,40.89,43.34,40.89,42.43,15506,
2012-01-02 12:01:00,ASHBUI,41.06,41.39,41.0,41.09,233,
2012-01-03 12:01:00,ASHBUI,43.31,43.31,41.0,42.21,289,
2012-01-04 12:01:00,ASHBUI,42.22,42.22,41.41,41.84,31,
2012-01-05 12:01:00,ASHBUI,41.2,41.28,40.89,40.92,10940,
2012-01-06 12:01:00,ASHBUI,41.0,41.77,40.89,40.98,608,
2012-01-09 12:01:00,ASHBUI,40.44,41.99,40.02,40.72,20597,
2012-01-10 12:01:00,ASHBUI,39.04,41.87,39.04,41.61,317,
2012-01-11 12:01:00,ASHBUI,42.0,42.21,41.19,42.21,101,
2012-01-12 12:01:00,ASHBUI,41.22,42.22,40.78,40.99,36734,
2012-01-13 12:01:00,ASHBUI,42.19,42.2,41.78,42.2,240,
2012-01-16 12:01:00,ASHBUI,42.21,42.21,40.44,40.64,10829,
2012-01-17 12:01:00,ASHBUI,42.13,43.78,40.89,42.32,56281,
2012-01-18 12:01:00,ASHBUI,45.53,46.67,43.11,44.02,3386,
2012-01-19 12:01:00,ASHBUI,44.02,44.44,43.56,44.37,993,
2012-01-20 12:01:00,ASHBUI,44.56,46.67,42.22,46.4,6528,
2012-01-23 12:01:00,ASHBUI,44.47,45.33,43.33,44.3,2312,
2012-01-24 12:01:00,ASHBUI,44.44,44.44,42.56,44.37,11432,
2012-01-25 12:01:00,ASHBUI,43.56,44.44,42.37,44.22,11470,
2012-01-27 12:01:00,ASHBUI,42.24,43.78,41.67,43.38,691,
2012-01-30 12:01:00,ASHBUI,42.24,44.67,42.22,43.96,6246,
2012-01-31 12:01:00,ASHBUI,42.69,45.11,42.67,44.52,3770,
2012-02-01 12:02:00,ASHBUI,43.33,44.22,42.78,44.11,2969,
2012-02-02 12:02:00,ASHBUI,45.53,45.53,42.68,44.31,12646,
2012-02-03 12:02:00,ASHBUI,45.54,45.54,43.01,43.73,8227,
2012-02-06 12:02:00,ASHBUI,46.67,46.89,44.0,45.22,160609,
2012-02-07 12:02:00,ASHBUI,46.43,46.44,44.0,44.39,16292,
2012-02-08 12:02:00,ASHBUI,44.67,45.22,43.67,43.99,3036,
2012-02-09 12:02:00,ASHBUI,44.22,45.33,42.67,43.91,6811,
2012-02-13 12:02:00,ASHBUI,43.34,44.44,43.33,43.82,591,
2012-02-14 12:02:00,ASHBUI,43.6,44.22,43.56,43.61,2176,
2012-02-15 12:02:00,ASHBUI,43.79,47.56,43.79,45.51,7432,
2012-02-16 12:02:00,ASHBUI,46.66,48.44,44.48,46.29,18066,
2012-02-17 12:02:00,ASHBUI,46.67,51.78,45.58,46.21,6807,
2012-02-21 12:02:00,ASHBUI,45.81,47.11,45.78,46.13,2625,
2012-02-22 12:02:00,ASHBUI,46.22,47.1,44.56,45.27,1229,
2012-02-23 12:02:00,ASHBUI,44.47,47.61,42.67,45.57,10135,
2012-02-27 12:02:00,ASHBUI,45.34,46.44,44.0,45.47,3853,
2012-02-28 12:02:00,ASHBUI,44.44,46.44,43.56,45.21,1777,
2012-02-29 12:02:00,ASHBUI,45.34,47.53,44.59,45.47,3540,
2012-03-01 12:03:00,ASHBUI,44.78,46.66,44.78,45.74,3161,
2012-03-02 12:03:00,ASHBUI,44.89,46.62,44.09,45.29,2272,
2012-03-03 12:03:00,ASHBUI,44.89,45.0,44.89,44.94,117,
2012-03-05 12:03:00,ASHBUI,44.89,46.22,43.78,44.24,5737,
2012-03-06 12:03:00,ASHBUI,44.44,46.08,44.22,44.42,3525,
2012-03-07 12:03:00,ASHBUI,44.44,44.66,44.0,44.03,393,
2012-03-09 12:03:00,ASHBUI,43.58,44.83,43.33,43.58,7516,
2012-03-12 12:03:00,ASHBUI,43.78,43.78,43.12,43.13,4062,
2012-03-13 12:03:00,ASHBUI,43.56,43.56,42.69,43.21,9641,
2012-03-14 12:03:00,ASHBUI,42.68,43.33,42.67,42.74,3573,
2012-03-15 12:03:00,ASHBUI,42.67,43.1,42.28,42.54,2218,
2012-03-16 12:03:00,ASHBUI,43.1,43.78,42.56,43.14,114404,
2012-03-19 12:03:00,ASHBUI,44.24,44.24,43.57,44.01,3724,
2012-03-20 12:03:00,ASHBUI,43.78,46.18,43.78,45.42,4546,
2012-03-21 12:03:00,ASHBUI,45.33,45.98,44.78,45.41,1427,
2012-03-22 12:03:00,ASHBUI,45.56,46.22,44.2,45.64,1945,
2012-03-23 12:03:00,ASHBUI,45.77,45.78,43.79,45.58,3821,
2012-03-26 12:03:00,ASHBUI,45.11,45.47,43.37,44.44,1950,
2012-03-27 12:03:00,ASHBUI,44.44,44.44,43.11,43.37,1241,
2012-03-28 12:03:00,ASHBUI,43.33,44.22,43.33,43.82,1288,
2012-03-29 12:03:00,ASHBUI,44.41,44.41,42.67,43.57,603,
2012-03-30 12:03:00,ASHBUI,44.0,46.0,44.0,44.52,2738,
2012-04-02 12:04:00,ASHBUI,44.47,45.78,43.62,45.21,979,
2012-04-03 12:04:00,ASHBUI,44.51,47.76,44.48,46.39,4133,
2012-04-04 12:04:00,ASHBUI,45.33,47.11,45.33,46.6,1278,
2012-04-09 12:04:00,ASHBUI,46.87,46.89,45.54,45.76,3238,
2012-04-10 12:04:00,ASHBUI,44.68,47.11,44.68,46.34,1992,
2012-04-11 12:04:00,ASHBUI,45.58,46.43,44.53,44.71,862,
2012-04-12 12:04:00,ASHBUI,43.68,46.0,43.68,45.33,202185,
2012-04-13 12:04:00,ASHBUI,45.56,46.21,45.33,45.34,395,
2012-04-16 12:04:00,ASHBUI,44.44,46.2,44.44,45.78,1128,
2012-04-17 12:04:00,ASHBUI,44.63,46.89,44.63,46.69,1806,
2012-04-18 12:04:00,ASHBUI,45.44,46.72,44.93,46.27,966,
2012-04-19 12:04:00,ASHBUI,47.08,47.11,45.67,46.11,164769,
2012-04-20 12:04:00,ASHBUI,45.38,47.1,44.57,45.86,391,
2012-04-23 12:04:00,ASHBUI,46.81,47.76,45.51,46.32,2326,
2012-04-24 12:04:00,ASHBUI,46.22,47.56,45.46,46.5,2082,
2012-04-25 12:04:00,ASHBUI,45.34,47.76,45.34,46.99,1198,
2012-04-26 12:04:00,ASHBUI,46.12,47.44,45.57,46.81,2756,
2012-04-27 12:04:00,ASHBUI,45.56,47.33,45.56,46.74,1360,
2012-04-28 12:04:00,ASHBUI,46.0,46.0,46.0,46.0,11,
2012-04-30 12:04:00,ASHBUI,47.36,47.36,45.68,46.67,724,
2012-05-02 12:05:00,ASHBUI,46.93,48.0,46.11,46.27,1323,
2012-05-03 12:05:00,ASHBUI,46.44,46.67,45.91,45.93,92,
2012-05-04 12:05:00,ASHBUI,45.91,46.66,43.48,43.81,3120,
2012-05-07 12:05:00,ASHBUI,43.68,45.67,43.68,45.27,668,
2012-05-08 12:05:00,ASHBUI,45.32,45.32,44.46,44.47,197,
2012-05-09 12:05:00,ASHBUI,43.96,45.32,43.56,43.61,431,
2012-05-10 12:05:00,ASHBUI,43.57,44.87,43.2,44.44,662,
2012-05-11 12:05:00,ASHBUI,43.33,44.42,43.21,43.89,460,
2012-05-14 12:05:00,ASHBUI,43.11,44.11,42.89,44.11,158,
2012-05-15 12:05:00,ASHBUI,43.2,44.67,42.33,44.29,357,
2012-05-16 12:05:00,ASHBUI,44.87,44.87,43.04,44.09,241,
2012-05-17 12:05:00,ASHBUI,43.33,44.4,43.16,43.83,335,
2012-05-18 12:05:00,ASHBUI,43.33,45.54,41.38,43.97,729,
2012-05-21 12:05:00,ASHBUI,43.44,44.44,43.44,44.22,619,
2012-05-22 12:05:00,ASHBUI,44.44,46.0,40.23,44.88,1421,
2012-05-23 12:05:00,ASHBUI,45.56,46.2,44.22,45.59,201,
2012-05-24 12:05:00,ASHBUI,44.67,44.67,44.46,44.46,80,
2012-05-25 12:05:00,ASHBUI,45.56,45.87,44.47,45.77,342,
2012-05-28 12:05:00,ASHBUI,45.53,45.53,44.11,44.28,711,
2012-05-29 12:05:00,ASHBUI,43.36,46.64,43.36,44.02,2519,
2012-05-30 12:05:00,ASHBUI,43.36,44.44,43.33,44.43,319,
2012-05-31 12:05:00,ASHBUI,43.56,48.89,42.47,47.34,11399,
2012-06-01 12:06:00,ASHBUI,44.73,48.0,44.73,45.47,1046,
2012-06-04 12:06:00,ASHBUI,45.31,45.56,44.44,44.47,715,
2012-06-05 12:06:00,ASHBUI,45.56,46.22,44.8,44.87,186,
2012-06-06 12:06:00,ASHBUI,44.87,46.0,44.44,45.99,1375,
2012-06-07 12:06:00,ASHBUI,44.71,46.16,44.46,44.66,751,
2012-06-08 12:06:00,ASHBUI,44.79,44.82,44.79,44.82,41,
2012-06-11 12:06:00,ASHBUI,44.46,46.33,44.46,45.33,279,
2012-06-12 12:06:00,ASHBUI,44.68,45.33,44.68,44.89,349,
2012-06-13 12:06:00,ASHBUI,44.89,44.89,43.37,43.84,895,
2012-06-14 12:06:00,ASHBUI,43.47,44.11,43.47,43.8,332,
2012-06-15 12:06:00,ASHBUI,44.43,44.44,43.8,43.87,99,
2012-06-18 12:06:00,ASHBUI,44.67,44.89,44.44,44.44,767,
2012-06-19 12:06:00,ASHBUI,44.0,44.0,44.0,44.0,100,
2012-06-20 12:06:00,ASHBUI,44.44,44.67,43.33,43.76,50124,
2012-06-21 12:06:00,ASHBUI,43.78,44.44,43.33,44.43,336,
2012-06-22 12:06:00,ASHBUI,45.47,48.89,44.91,46.8,21741,
2012-06-25 12:06:00,ASHBUI,47.63,48.89,47.63,47.93,17289,
2012-06-26 12:06:00,ASHBUI,48.11,48.22,47.64,47.64,640,
2012-06-27 12:06:00,ASHBUI,46.72,47.66,45.67,46.4,430,
2012-06-28 12:06:00,ASHBUI,46.43,46.44,45.89,45.89,210,
2012-06-29 12:06:00,ASHBUI,45.78,49.56,45.78,47.99,3168,
2012-07-02 12:07:00,ASHBUI,46.44,48.89,46.44,48.51,1751,
2012-07-03 12:07:00,ASHBUI,47.78,48.89,46.8,48.57,735,
2012-07-04 12:07:00,ASHBUI,46.91,50.2,46.91,49.99,30392,
2012-07-05 12:07:00,ASHBUI,50.44,50.67,49.38,50.46,7175,
2012-07-06 12:07:00,ASHBUI,49.4,50.44,48.92,49.41,1427,
2012-07-09 12:07:00,ASHBUI,49.11,49.33,46.83,48.94,653,
2012-07-10 12:07:00,ASHBUI,47.82,49.11,47.29,48.21,1518,
2012-07-11 12:07:00,ASHBUI,48.0,48.89,47.56,48.22,774,
2012-07-12 12:07:00,ASHBUI,48.0,49.11,48.0,48.48,955,
2012-07-13 12:07:00,ASHBUI,48.0,48.89,47.56,47.67,468,
2012-07-16 12:07:00,ASHBUI,47.17,47.56,46.67,46.94,1159,
2012-07-17 12:07:00,ASHBUI,46.7,48.18,46.27,47.04,774,
2012-07-18 12:07:00,ASHBUI,45.79,47.64,45.79,46.22,729,
2012-07-19 12:07:00,ASHBUI,46.0,46.67,45.82,46.0,783,
2012-07-20 12:07:00,ASHBUI,48.67,48.67,46.67,46.67,204,
2012-07-23 12:07:00,ASHBUI,45.93,45.93,45.89,45.89,152,
2012-07-24 12:07:00,ASHBUI,46.67,47.07,45.63,45.64,212,
2012-07-25 12:07:00,ASHBUI,45.57,45.99,44.8,45.33,767,
2012-07-26 12:07:00,ASHBUI,44.78,44.89,44.46,44.79,781,
2012-07-27 12:07:00,ASHBUI,44.46,46.44,44.46,45.56,5590,
2012-07-30 12:07:00,ASHBUI,46.64,48.83,44.98,45.9,822,
2012-07-31 12:07:00,ASHBUI,46.22,48.4,46.21,47.72,2884,
2012-08-01 12:08:00,ASHBUI,46.67,48.89,46.67,47.61,3366,
2012-08-02 12:08:00,ASHBUI,47.11,48.83,47.11,48.67,5037,
2012-08-03 12:08:00,ASHBUI,48.44,48.67,46.22,46.99,6068,
2012-08-06 12:08:00,ASHBUI,47.76,48.89,46.89,47.56,3798,
2012-08-07 12:08:00,ASHBUI,47.78,47.78,46.71,46.88,1217,
2012-08-08 12:08:00,ASHBUI,46.89,49.93,46.67,49.09,3254,
2012-08-09 12:08:00,ASHBUI,49.33,50.44,49.13,50.37,17315,
2012-08-10 12:08:00,ASHBUI,50.0,57.72,50.0,56.5,21931,
2012-08-13 12:08:00,ASHBUI,56.11,62.89,56.11,60.18,71387,
2012-08-14 12:08:00,ASHBUI,59.22,60.16,52.44,58.3,23218,
2012-08-16 12:08:00,ASHBUI,56.29,59.56,56.28,57.58,16999,
2012-08-17 12:08:00,ASHBUI,59.33,59.33,57.78,58.08,5275,
2012-08-21 12:08:00,ASHBUI,58.44,58.44,55.84,57.32,11828,
2012-08-22 12:08:00,ASHBUI,56.67,58.22,56.67,57.8,3764,
2012-08-23 12:08:00,ASHBUI,57.56,57.78,56.67,57.0,2523,
2012-08-24 12:08:00,ASHBUI,57.77,57.77,56.22,56.78,1362,
2012-08-27 12:08:00,ASHBUI,57.56,57.56,54.6,56.84,869,
2012-08-28 12:08:00,ASHBUI,56.67,56.67,54.59,56.19,2347,
2012-08-29 12:08:00,ASHBUI,56.19,56.67,54.44,55.32,1820,
2012-08-30 12:08:00,ASHBUI,53.36,56.67,53.36,55.41,2350,
2012-08-31 12:08:00,ASHBUI,55.56,56.0,54.27,55.2,993,
2012-09-03 12:09:00,ASHBUI,55.61,55.78,55.22,55.46,2002,
2012-09-04 12:09:00,ASHBUI,56.64,56.64,54.46,55.83,1293,
2012-09-05 12:09:00,ASHBUI,56.48,56.48,54.24,56.0,397,
2012-09-06 12:09:00,ASHBUI,57.72,57.72,54.48,55.1,305,
2012-09-07 12:09:00,ASHBUI,56.0,57.51,54.83,56.38,1223,
2012-09-10 12:09:00,ASHBUI,55.44,56.88,55.44,55.56,383,
2012-09-11 12:09:00,ASHBUI,53.72,56.41,53.72,55.41,1340,
2012-09-12 12:09:00,ASHBUI,55.77,56.22,55.56,55.84,545,
2012-09-13 12:09:00,ASHBUI,54.68,55.56,53.78,55.41,841,
2012-09-14 12:09:00,ASHBUI,55.56,55.78,54.52,55.18,743,
2012-09-17 12:09:00,ASHBUI,54.52,55.11,53.64,53.96,627,
2012-09-18 12:09:00,ASHBUI,53.36,54.88,52.73,53.91,1023,
2012-09-20 12:09:00,ASHBUI,54.31,54.31,52.29,53.51,495,
2012-09-21 12:09:00,ASHBUI,52.89,53.22,50.29,51.12,6360,
2012-09-24 12:09:00,ASHBUI,51.11,52.22,50.42,52.1,2161,
2012-09-25 12:09:00,ASHBUI,51.11,51.56,50.89,51.22,1431,
2012-09-26 12:09:00,ASHBUI,51.11,51.11,50.28,50.47,402,
2012-09-27 12:09:00,ASHBUI,50.03,50.44,49.56,50.01,2280,
2012-09-28 12:09:00,ASHBUI,49.23,51.1,49.23,50.82,841,
2012-10-01 12:10:00,ASHBUI,51.11,54.0,50.0,52.97,7417,
2012-10-03 12:10:00,ASHBUI,54.42,54.44,52.28,53.98,4107,
2012-10-05 12:10:00,ASHBUI,55.52,55.53,52.44,53.33,5015,
2012-10-08 12:10:00,ASHBUI,51.13,53.33,51.11,52.62,483,
2012-10-09 12:10:00,ASHBUI,52.56,52.56,51.78,52.32,217,
2012-10-10 12:10:00,ASHBUI,52.22,52.89,51.49,52.49,619,
2012-10-11 12:10:00,ASHBUI,51.33,53.54,51.33,52.56,213,
2012-10-12 12:10:00,ASHBUI,51.34,52.81,51.34,51.54,152,
2012-10-15 12:10:00,ASHBUI,51.44,52.66,51.43,51.43,166,
2012-10-16 12:10:00,ASHBUI,50.18,51.99,48.9,51.54,1682,
2012-10-17 12:10:00,ASHBUI,51.56,51.56,49.08,50.16,1424,
2012-10-18 12:10:00,ASHBUI,49.56,50.22,48.44,49.27,1833,
2012-10-19 12:10:00,ASHBUI,48.89,48.89,48.0,48.86,642,
2012-10-22 12:10:00,ASHBUI,48.9,49.33,48.46,48.9,29596,
2012-10-23 12:10:00,ASHBUI,51.07,51.07,48.9,48.92,756,
2012-10-25 12:10:00,ASHBUI,48.9,50.44,48.9,50.06,14509,
2012-10-26 12:10:00,ASHBUI,49.33,50.0,47.8,48.64,189,
2012-10-29 12:10:00,ASHBUI,48.47,50.37,48.47,48.89,75511,
2012-10-30 12:10:00,ASHBUI,48.01,50.43,48.01,49.88,2316,
2012-10-31 12:10:00,ASHBUI,48.57,50.44,48.43,49.83,749,
2012-11-01 12:11:00,ASHBUI,50.0,50.22,47.9,48.68,2251,
2012-11-02 12:11:00,ASHBUI,48.88,48.89,47.89,48.66,969,
2012-11-05 12:11:00,ASHBUI,48.44,48.88,47.56,47.83,578,
2012-11-06 12:11:00,ASHBUI,47.56,48.56,47.22,47.22,432,
2012-11-07 12:11:00,ASHBUI,47.33,48.67,46.56,48.06,769,
2012-11-08 12:11:00,ASHBUI,48.0,48.0,46.82,47.33,837,
2012-11-09 12:11:00,ASHBUI,46.67,48.02,46.24,46.37,614,
2012-11-12 12:11:00,ASHBUI,46.22,48.71,45.56,45.79,778,
2012-11-13 12:11:00,ASHBUI,46.0,47.73,46.0,47.18,119,
2012-11-15 12:11:00,ASHBUI,47.56,48.6,45.57,47.4,960,
2012-11-16 12:11:00,ASHBUI,47.11,47.11,45.18,45.64,611,
2012-11-19 12:11:00,ASHBUI,45.46,47.11,44.44,46.92,396,
2012-11-20 12:11:00,ASHBUI,44.67,46.44,44.67,45.51,393,
2012-11-21 12:11:00,ASHBUI,44.44,48.83,44.44,47.83,954,
2012-11-22 12:11:00,ASHBUI,48.67,49.07,45.33,45.51,5240,
2012-11-23 12:11:00,ASHBUI,46.66,46.66,45.16,45.56,1529,
2012-11-26 12:11:00,ASHBUI,46.66,46.66,44.44,45.39,2690,
2012-11-27 12:11:00,ASHBUI,47.22,47.56,44.96,44.97,1118,
2012-11-29 12:11:00,ASHBUI,47.73,47.73,45.11,45.56,1281,
2012-11-30 12:11:00,ASHBUI,45.56,45.56,44.22,44.43,7948,
2012-12-03 12:12:00,ASHBUI,44.0,45.11,43.33,44.44,4021,
2012-12-04 12:12:00,ASHBUI,44.88,44.88,44.0,44.37,1633,
2012-12-05 12:12:00,ASHBUI,45.56,48.27,44.02,47.07,3665,
2012-12-06 12:12:00,ASHBUI,47.17,47.17,45.33,45.57,121077,
2012-12-07 12:12:00,ASHBUI,47.54,47.54,45.82,46.82,886,
2012-12-10 12:12:00,ASHBUI,47.33,47.78,45.94,47.09,2062,
2012-12-11 12:12:00,ASHBUI,47.11,48.0,44.9,45.24,2509,
2012-12-12 12:12:00,ASHBUI,45.23,47.3,44.92,46.88,4892,
2012-12-13 12:12:00,ASHBUI,47.54,47.54,44.68,44.91,1122,
2012-12-14 12:12:00,ASHBUI,44.89,45.56,44.72,45.38,2274,
2012-12-17 12:12:00,ASHBUI,44.89,45.67,44.89,45.57,16594,
2012-12-18 12:12:00,ASHBUI,46.77,46.87,45.03,45.32,4144,
2012-12-19 12:12:00,ASHBUI,45.02,46.54,45.02,45.81,1185,
2012-12-20 12:12:00,ASHBUI,45.72,46.42,45.33,45.44,626,
2012-12-21 12:12:00,ASHBUI,46.66,46.66,45.11,45.34,1913,
2012-12-24 12:12:00,ASHBUI,45.56,45.98,44.67,45.24,2997,
2012-12-26 12:12:00,ASHBUI,45.77,47.56,44.89,45.33,25434,
2012-12-27 12:12:00,ASHBUI,44.89,45.7,44.44,44.83,23303,
2012-12-28 12:12:00,ASHBUI,45.78,47.56,45.33,46.09,5371,
2012-12-31 12:12:00,ASHBUI,46.22,46.64,45.46,45.83,336,
2013-01-01 12:01:00,ASHBUI,45.78,46.0,45.56,45.63,2062,
2013-01-02 12:01:00,ASHBUI,46.44,46.64,45.78,45.93,1855,
2013-01-03 12:01:00,ASHBUI,45.51,46.89,45.33,46.6,2273,
2013-01-04 12:01:00,ASHBUI,46.89,47.67,46.23,47.46,7459,
2013-01-07 12:01:00,ASHBUI,47.33,49.33,47.33,49.01,11053,
2013-01-08 12:01:00,ASHBUI,49.01,49.33,47.56,47.71,5398,
2013-01-09 12:01:00,ASHBUI,47.78,48.19,46.22,46.6,2532,
2013-01-10 12:01:00,ASHBUI,46.87,47.51,45.56,46.01,2027,
2013-01-11 12:01:00,ASHBUI,46.18,46.56,44.67,45.21,2530,
2013-01-14 12:01:00,ASHBUI,45.33,45.5,44.4,45.17,2682,
2013-01-15 12:01:00,ASHBUI,44.67,45.33,44.22,44.39,4221,
2013-01-16 12:01:00,ASHBUI,44.47,45.33,44.47,44.66,458,
2013-01-17 12:01:00,ASHBUI,44.44,45.3,44.44,44.52,1350,
2013-01-18 12:01:00,ASHBUI,45.11,46.22,43.56,43.94,2092,
2013-01-21 12:01:00,ASHBUI,43.58,46.38,43.58,44.68,9200,
2013-01-22 12:01:00,ASHBUI,45.0,45.0,44.0,44.22,2027,
2013-01-23 12:01:00,ASHBUI,43.89,45.33,43.82,44.44,1024,
2013-01-24 12:01:00,ASHBUI,44.67,44.67,44.0,44.44,482,
2013-01-25 12:01:00,ASHBUI,43.56,44.83,41.93,44.04,2329,
2013-01-28 12:01:00,ASHBUI,44.4,44.4,44.0,44.04,346,
2013-01-29 12:01:00,ASHBUI,44.4,44.67,44.27,44.49,532,
2013-01-30 12:01:00,ASHBUI,44.27,44.43,43.99,44.06,1040,
2013-01-31 12:01:00,ASHBUI,43.33,44.98,43.33,44.56,1202,
2013-02-01 12:02:00,ASHBUI,44.44,46.18,43.58,45.44,4830,
2013-02-04 12:02:00,ASHBUI,46.18,48.84,45.2,47.83,5834,
2013-02-05 12:02:00,ASHBUI,47.19,49.07,46.16,48.54,8323,
2013-02-06 12:02:00,ASHBUI,48.54,50.44,47.78,49.31,10768,
2013-02-07 12:02:00,ASHBUI,49.33,51.56,48.5,50.84,4391,
2013-02-08 12:02:00,ASHBUI,49.33,51.13,48.24,48.84,14323,
2013-02-11 12:02:00,ASHBUI,47.78,51.22,47.44,50.84,7070,
2013-02-12 12:02:00,ASHBUI,51.11,52.0,49.18,50.33,7617,
2013-02-13 12:02:00,ASHBUI,50.1,51.01,48.44,49.1,552,
2013-02-14 12:02:00,ASHBUI,49.07,49.07,45.33,46.7,1346,
2013-02-15 12:02:00,ASHBUI,51.94,51.94,45.28,46.94,1212,
2013-02-18 12:02:00,ASHBUI,46.89,49.07,46.89,48.0,863,
2013-02-19 12:02:00,ASHBUI,49.77,49.77,47.11,47.43,1530,
2013-02-20 12:02:00,ASHBUI,46.79,47.78,45.78,46.14,789,
2013-02-21 12:02:00,ASHBUI,46.67,48.22,45.13,47.49,1608,
2013-02-22 12:02:00,ASHBUI,46.69,46.96,46.69,46.96,80,
2013-02-25 12:02:00,ASHBUI,46.0,46.09,44.49,44.9,4654,
2013-02-26 12:02:00,ASHBUI,45.56,45.99,44.68,45.7,774,
2013-02-27 12:02:00,ASHBUI,45.7,45.7,44.0,44.44,3133,
2013-02-28 12:02:00,ASHBUI,44.44,45.56,44.22,45.22,896,
2013-03-01 12:03:00,ASHBUI,46.64,46.64,44.56,45.61,760,
2013-03-04 12:03:00,ASHBUI,45.64,47.56,44.11,45.4,2074,
2013-03-05 12:03:00,ASHBUI,46.44,46.44,44.67,45.11,633,
2013-03-06 12:03:00,ASHBUI,44.44,44.56,44.0,44.1,1269,
2013-03-07 12:03:00,ASHBUI,46.44,46.44,44.44,45.38,1967,
2013-03-08 12:03:00,ASHBUI,46.43,46.43,44.43,44.44,2396,
2013-03-11 12:03:00,ASHBUI,45.73,45.73,44.22,45.3,251,
2013-03-12 12:03:00,ASHBUI,46.06,46.1,44.44,45.78,1518,
2013-03-13 12:03:00,ASHBUI,46.0,46.0,44.72,45.11,491,
2013-03-14 12:03:00,ASHBUI,44.51,45.52,44.46,44.68,516,
2013-03-15 12:03:00,ASHBUI,44.5,44.67,44.43,44.44,2954,
2013-03-18 12:03:00,ASHBUI,44.44,44.67,44.0,44.16,246,
2013-03-19 12:03:00,ASHBUI,47.44,47.44,44.0,45.51,897,
2013-03-20 12:03:00,ASHBUI,45.52,45.52,44.22,44.26,333,
2013-03-21 12:03:00,ASHBUI,45.19,46.11,44.0,44.47,1166,
2013-03-22 12:03:00,ASHBUI,45.77,45.77,41.18,44.86,10732,
2013-03-25 12:03:00,ASHBUI,44.44,44.44,43.69,43.69,72,
2013-03-26 12:03:00,ASHBUI,43.37,43.82,43.36,43.39,187,
2013-03-28 12:03:00,ASHBUI,43.36,43.36,42.89,42.89,75,
2013-04-01 12:04:00,ASHBUI,45.66,45.66,43.33,43.33,94,
2013-04-02 12:04:00,ASHBUI,43.22,44.21,43.0,43.33,2169,
2013-04-03 12:04:00,ASHBUI,44.44,44.44,42.47,42.71,639,
2013-04-04 12:04:00,ASHBUI,42.24,43.87,41.78,43.01,864,
2013-04-05 12:04:00,ASHBUI,42.22,43.11,41.33,42.67,1761,
2013-04-08 12:04:00,ASHBUI,43.78,43.78,42.67,42.67,51,
2013-04-09 12:04:00,ASHBUI,43.33,43.33,41.47,41.68,121,
2013-04-10 12:04:00,ASHBUI,41.13,42.87,41.11,41.16,645,
2013-04-11 12:04:00,ASHBUI,42.88,42.88,41.56,41.56,265,
2013-04-12 12:04:00,ASHBUI,41.11,42.22,41.11,41.94,384,
2013-04-15 12:04:00,ASHBUI,40.78,42.21,40.77,41.33,142,
2013-04-16 12:04:00,ASHBUI,43.31,45.13,42.34,42.43,515,
2013-04-17 12:04:00,ASHBUI,41.41,42.88,41.41,42.88,140,
2013-04-18 12:04:00,ASHBUI,41.79,42.67,41.16,42.58,637,
2013-04-22 12:04:00,ASHBUI,42.22,45.56,39.48,42.24,1938,
2013-04-23 12:04:00,ASHBUI,42.22,42.22,41.67,41.68,1145,
2013-04-25 12:04:00,ASHBUI,41.76,42.64,38.66,42.18,4100,
2013-04-26 12:04:00,ASHBUI,41.24,42.0,41.24,41.98,233,
2013-04-29 12:04:00,ASHBUI,43.1,43.1,41.79,41.92,90,
2013-04-30 12:04:00,ASHBUI,41.11,44.22,41.11,42.74,30859,
2013-05-02 12:05:00,ASHBUI,43.99,46.62,43.56,46.22,10494,
2013-05-03 12:05:00,ASHBUI,46.99,50.23,46.26,49.04,11065,
2013-05-06 12:05:00,ASHBUI,49.34,50.56,48.89,49.41,1856,
2013-05-07 12:05:00,ASHBUI,50.43,50.43,48.93,49.41,2126,
2013-05-08 12:05:00,ASHBUI,49.33,49.33,45.92,47.18,2002,
2013-05-09 12:05:00,ASHBUI,47.78,48.6,47.22,47.58,629,
2013-05-10 12:05:00,ASHBUI,48.87,50.0,46.22,49.71,5385,
2013-05-11 12:05:00,ASHBUI,50.0,51.08,49.38,50.93,2412,
2013-05-13 12:05:00,ASHBUI,50.93,54.89,47.17,48.3,12840,
2013-05-14 12:05:00,ASHBUI,48.88,49.33,47.78,49.17,773,
2013-05-15 12:05:00,ASHBUI,49.56,49.56,48.22,48.86,839,
2013-05-16 12:05:00,ASHBUI,48.46,48.53,46.23,47.57,1912,
2013-05-17 12:05:00,ASHBUI,45.89,47.67,45.6,46.83,1747,
2013-05-20 12:05:00,ASHBUI,46.44,47.32,46.22,46.49,682,
2013-05-21 12:05:00,ASHBUI,46.36,46.59,45.33,45.7,505,
2013-05-22 12:05:00,ASHBUI,45.58,45.96,44.44,44.98,529,
2013-05-23 12:05:00,ASHBUI,44.46,45.33,44.22,44.5,1912,
2013-05-24 12:05:00,ASHBUI,44.46,45.76,44.14,44.61,405,
2013-05-27 12:05:00,ASHBUI,44.52,44.66,44.44,44.49,971,
2013-05-28 12:05:00,ASHBUI,46.21,46.21,44.68,44.91,358,
2013-05-29 12:05:00,ASHBUI,44.89,45.11,44.89,45.11,63,
2013-05-30 12:05:00,ASHBUI,45.78,46.37,45.78,45.78,565,
2013-05-31 12:05:00,ASHBUI,45.78,45.78,44.44,44.74,1039,
2013-06-03 12:06:00,ASHBUI,44.46,45.6,44.44,45.44,227,
2013-06-04 12:06:00,ASHBUI,44.6,45.52,44.44,44.44,202,
2013-06-05 12:06:00,ASHBUI,44.46,45.31,44.44,44.44,198,
2013-06-06 12:06:00,ASHBUI,44.46,45.22,44.44,44.44,900,
2013-06-07 12:06:00,ASHBUI,44.01,44.89,43.33,43.6,771,
2013-06-10 12:06:00,ASHBUI,43.44,44.19,43.34,43.51,493,
2013-06-11 12:06:00,ASHBUI,43.33,44.43,43.28,43.32,1072,
2013-06-12 12:06:00,ASHBUI,42.9,43.73,41.33,42.31,1279,
2013-06-13 12:06:00,ASHBUI,42.22,42.87,41.84,41.84,139,
2013-06-14 12:06:00,ASHBUI,42.22,43.1,41.33,42.08,140,
2013-06-17 12:06:00,ASHBUI,43.13,43.13,42.89,42.89,6,
2013-06-18 12:06:00,ASHBUI,42.67,42.67,42.22,42.22,98,
2013-06-19 12:06:00,ASHBUI,41.14,42.21,40.22,40.3,643,
2013-06-20 12:06:00,ASHBUI,40.44,41.52,40.44,41.52,1053,
2013-06-21 12:06:00,ASHBUI,41.12,41.12,40.16,40.82,759,
2013-06-24 12:06:00,ASHBUI,43.31,43.31,40.0,40.5,527,
2013-06-25 12:06:00,ASHBUI,39.39,41.06,39.39,41.06,66,
2013-06-26 12:06:00,ASHBUI,39.79,46.4,39.79,41.26,47383,
2013-06-27 12:06:00,ASHBUI,42.22,43.12,41.17,41.54,6725,
2013-06-28 12:06:00,ASHBUI,42.44,43.31,41.96,42.2,9226,
2013-07-01 12:07:00,ASHBUI,43.1,43.1,39.8,40.26,7671,
2013-07-02 12:07:00,ASHBUI,41.11,42.21,39.89,41.73,8978,
2013-07-03 12:07:00,ASHBUI,41.33,46.0,38.7,42.0,9496,
2013-07-04 12:07:00,ASHBUI,43.27,43.7,41.4,42.07,28081,
2013-07-05 12:07:00,ASHBUI,41.67,42.67,41.0,41.37,3016,
2013-07-08 12:07:00,ASHBUI,40.73,41.03,38.03,38.5,6564,
2013-07-09 12:07:00,ASHBUI,39.33,39.33,36.23,37.07,4883,
2013-07-10 12:07:00,ASHBUI,37.27,37.8,35.43,36.03,2681,
2013-07-11 12:07:00,ASHBUI,35.47,36.17,34.27,35.97,12170,
2013-07-12 12:07:00,ASHBUI,39.67,39.67,34.67,36.17,10941,
2013-07-15 12:07:00,ASHBUI,36.0,39.33,34.97,38.53,46991,
2013-07-16 12:07:00,ASHBUI,38.67,38.67,36.37,37.07,2626,
2013-07-17 12:07:00,ASHBUI,36.47,38.4,35.93,36.13,2269,
2013-07-18 12:07:00,ASHBUI,37.9,37.9,35.73,36.03,391,
2013-07-19 12:07:00,ASHBUI,35.8,36.43,35.33,35.47,1048,
2013-07-22 12:07:00,ASHBUI,35.67,36.17,34.6,34.63,4237,
2013-07-23 12:07:00,ASHBUI,34.63,35.93,34.07,34.73,1706,
2013-07-24 12:07:00,ASHBUI,34.1,35.33,31.53,33.23,9523,
2013-07-25 12:07:00,ASHBUI,32.7,34.63,32.37,33.83,5323,
2013-07-26 12:07:00,ASHBUI,33.07,39.17,32.77,35.67,24037,
2013-07-29 12:07:00,ASHBUI,36.0,36.57,35.0,36.27,5954,
2013-07-30 12:07:00,ASHBUI,37.27,38.67,33.47,35.17,4329,
2013-07-31 12:07:00,ASHBUI,34.13,34.6,32.03,33.2,9993,
2013-08-01 12:08:00,ASHBUI,32.67,34.27,32.03,33.07,3420,
2013-08-02 12:08:00,ASHBUI,32.07,33.93,30.53,31.17,10001,
2013-08-05 12:08:00,ASHBUI,31.93,37.33,30.67,31.27,4436,
2013-08-06 12:08:00,ASHBUI,31.23,32.4,27.7,28.87,54612,
2013-08-07 12:08:00,ASHBUI,29.27,31.3,27.73,30.0,14993,
2013-08-08 12:08:00,ASHBUI,30.0,31.0,28.67,29.83,19665,
2013-08-12 12:08:00,ASHBUI,30.07,34.0,28.67,33.5,8912,
2013-08-13 12:08:00,ASHBUI,33.0,36.67,32.07,35.27,11157,
2013-08-14 12:08:00,ASHBUI,34.73,38.0,34.03,36.03,4033,
2013-08-16 12:08:00,ASHBUI,35.47,35.67,32.13,33.6,1725,
2013-08-19 12:08:00,ASHBUI,36.67,36.67,31.37,32.0,5604,
2013-08-20 12:08:00,ASHBUI,32.63,34.23,31.37,32.43,2912,
2013-08-21 12:08:00,ASHBUI,33.33,33.33,32.0,32.33,673,
2013-08-22 12:08:00,ASHBUI,32.33,32.33,29.53,30.6,2309,
2013-08-23 12:08:00,ASHBUI,31.63,31.67,30.47,30.93,1251,
2013-08-26 12:08:00,ASHBUI,30.67,32.0,30.67,32.0,1732,
2013-08-27 12:08:00,ASHBUI,31.33,31.97,30.0,31.73,3363,
2013-08-28 12:08:00,ASHBUI,35.6,35.6,30.33,30.73,758,
2013-08-29 12:08:00,ASHBUI,31.6,31.6,30.67,30.7,457,
2013-08-30 12:08:00,ASHBUI,30.67,32.0,30.0,31.27,1881,
2013-09-02 12:09:00,ASHBUI,36.17,36.17,30.77,31.67,1131,
2013-09-03 12:09:00,ASHBUI,32.5,32.63,29.87,30.0,3141,
2013-09-04 12:09:00,ASHBUI,31.03,31.97,29.67,30.0,6544,
2013-09-05 12:09:00,ASHBUI,30.13,31.27,30.03,30.07,1496,
2013-09-06 12:09:00,ASHBUI,30.97,30.97,29.37,29.6,566,
2013-09-10 12:09:00,ASHBUI,31.27,33.0,29.73,31.7,36191,
2013-09-11 12:09:00,ASHBUI,33.27,33.27,30.67,32.4,9440,
2013-09-12 12:09:00,ASHBUI,31.8,33.33,31.8,32.1,26989,
2013-09-13 12:09:00,ASHBUI,31.8,32.97,31.5,32.13,3317,
2013-09-16 12:09:00,ASHBUI,32.5,34.13,31.03,31.77,5552,
2013-09-17 12:09:00,ASHBUI,31.7,33.27,31.4,31.63,2207,
2013-09-18 12:09:00,ASHBUI,31.4,32.2,30.67,30.87,3572,
2013-09-19 12:09:00,ASHBUI,31.87,33.1,30.97,31.5,17299,
2013-09-20 12:09:00,ASHBUI,31.37,32.2,31.33,31.7,1536,
2013-09-23 12:09:00,ASHBUI,31.0,31.33,29.93,30.37,5812,
2013-09-24 12:09:00,ASHBUI,30.1,30.5,29.33,29.37,2515,
2013-09-25 12:09:00,ASHBUI,31.83,32.37,30.33,30.9,38269,
2013-09-26 12:09:00,ASHBUI,30.9,32.33,30.9,31.9,13597,
2013-09-27 12:09:00,ASHBUI,32.97,32.97,30.9,31.93,8145,
2013-09-30 12:09:00,ASHBUI,32.0,32.83,30.23,32.4,13770,
2013-10-01 12:10:00,ASHBUI,32.5,32.5,30.83,31.3,3950,
2013-10-03 12:10:00,ASHBUI,31.07,31.97,29.4,30.4,7154,
2013-10-04 12:10:00,ASHBUI,30.33,32.13,30.0,31.17,19212,
2013-10-07 12:10:00,ASHBUI,30.97,32.27,30.97,32.03,2404,
2013-10-08 12:10:00,ASHBUI,31.67,32.0,31.03,31.07,492,
2013-10-09 12:10:00,ASHBUI,30.7,31.6,30.67,31.0,965,
2013-10-10 12:10:00,ASHBUI,31.0,32.27,30.67,31.97,4039,
2013-10-11 12:10:00,ASHBUI,31.37,31.93,31.33,31.4,3485,
2013-10-14 12:10:00,ASHBUI,31.33,31.63,30.2,31.17,4216,
2013-10-15 12:10:00,ASHBUI,30.67,31.07,28.67,30.0,7199,
2013-10-17 12:10:00,ASHBUI,30.0,31.03,29.43,31.03,2099,
2013-10-18 12:10:00,ASHBUI,32.0,32.0,28.87,29.7,11248,
2013-10-21 12:10:00,ASHBUI,30.57,30.67,29.67,30.53,11591,
2013-10-22 12:10:00,ASHBUI,30.33,32.3,30.17,31.5,13055,
2013-10-23 12:10:00,ASHBUI,32.2,32.2,30.83,30.87,1393,
2013-10-24 12:10:00,ASHBUI,32.17,32.17,30.33,30.33,5253,
2013-10-25 12:10:00,ASHBUI,30.8,31.13,28.83,29.4,6711,
2013-10-28 12:10:00,ASHBUI,30.53,30.53,28.4,28.5,9763,
2013-10-29 12:10:00,ASHBUI,29.47,30.33,28.5,29.67,22925,
2013-10-30 12:10:00,ASHBUI,30.0,30.67,29.47,30.63,24840,
2013-10-31 12:10:00,ASHBUI,30.43,31.0,30.0,30.63,5967,
2013-11-01 12:11:00,ASHBUI,31.13,31.33,30.53,30.83,8846,
2013-11-03 12:11:00,ASHBUI,31.87,31.87,30.73,31.27,3199,
2013-11-05 12:11:00,ASHBUI,30.33,31.2,30.33,30.87,13800,
2013-11-06 12:11:00,ASHBUI,31.0,36.3,30.83,35.4,91105,
2013-11-07 12:11:00,ASHBUI,38.47,39.0,37.2,37.83,339407,
2013-11-08 12:11:00,ASHBUI,37.33,37.5,36.07,37.23,28302,
2013-11-11 12:11:00,ASHBUI,37.33,37.33,35.53,35.87,28997,
2013-11-12 12:11:00,ASHBUI,36.03,38.0,36.0,36.47,22578,
2013-11-13 12:11:00,ASHBUI,37.73,37.73,36.03,36.07,12440,
2013-11-14 12:11:00,ASHBUI,35.4,36.6,34.33,34.93,9077,
2013-11-18 12:11:00,ASHBUI,37.8,37.8,33.67,33.7,11688,
2013-11-19 12:11:00,ASHBUI,33.33,33.83,32.17,33.3,14333,
2013-11-20 12:11:00,ASHBUI,34.43,35.13,32.5,34.53,4656,
2013-11-21 12:11:00,ASHBUI,33.73,34.5,32.93,33.33,4520,
2013-11-22 12:11:00,ASHBUI,33.53,34.6,32.9,34.03,4712,
2013-11-25 12:11:00,ASHBUI,33.23,34.6,32.87,33.77,4762,
2013-11-26 12:11:00,ASHBUI,34.67,38.17,33.53,36.0,9539589,
2013-11-27 12:11:00,ASHBUI,37.9,38.13,35.5,36.07,28772,
2013-11-28 12:11:00,ASHBUI,37.97,38.3,36.17,36.43,6942,
2013-11-29 12:11:00,ASHBUI,35.6,37.33,35.6,36.9,13759,
2013-12-02 12:12:00,ASHBUI,37.93,40.67,37.07,39.73,134437,
2013-12-03 12:12:00,ASHBUI,40.27,40.47,38.8,39.47,35779,
2013-12-04 12:12:00,ASHBUI,39.93,39.97,37.8,38.03,10088,
2013-12-05 12:12:00,ASHBUI,39.6,40.67,38.47,39.33,28396,
2013-12-06 12:12:00,ASHBUI,39.0,39.33,37.6,38.37,13397,
2013-12-09 12:12:00,ASHBUI,41.33,41.33,38.67,40.53,50871,
2013-12-10 12:12:00,ASHBUI,40.67,40.67,37.9,39.13,14925,
2013-12-11 12:12:00,ASHBUI,38.8,40.33,37.2,39.37,16221,
2013-12-12 12:12:00,ASHBUI,38.73,40.97,38.4,40.1,22575,
2013-12-13 12:12:00,ASHBUI,40.0,40.07,38.37,39.67,10950,
2013-12-16 12:12:00,ASHBUI,39.33,39.87,38.0,38.47,11584,
2013-12-17 12:12:00,ASHBUI,38.67,40.0,38.1,38.83,6476,
2013-12-18 12:12:00,ASHBUI,38.5,39.43,38.5,39.33,25087,
2013-12-19 12:12:00,ASHBUI,39.0,39.67,38.67,39.37,15719,
2013-12-20 12:12:00,ASHBUI,43.0,43.0,38.87,39.83,11467,
2013-12-23 12:12:00,ASHBUI,39.37,40.6,38.37,40.0,6624,
2013-12-24 12:12:00,ASHBUI,42.53,42.83,41.07,42.37,95751,
2013-12-26 12:12:00,ASHBUI,42.37,42.97,42.07,42.5,11529,
2013-12-27 12:12:00,ASHBUI,41.67,42.0,40.7,41.73,10800,
2013-12-30 12:12:00,ASHBUI,41.67,42.6,40.67,41.1,14677,
2013-12-31 12:12:00,ASHBUI,41.93,42.4,40.8,41.43,8128,
2014-01-01 12:01:00,ASHBUI,40.87,48.47,40.73,47.17,648360,
2014-01-02 12:01:00,ASHBUI,47.17,47.8,43.33,43.8,117450,
2014-01-03 12:01:00,ASHBUI,43.8,44.6,41.23,43.4,44963,
2014-01-06 12:01:00,ASHBUI,43.97,44.07,41.73,42.37,12412,
2014-01-07 12:01:00,ASHBUI,43.33,43.63,42.2,42.73,9992,
2014-01-08 12:01:00,ASHBUI,42.4,43.33,42.4,42.8,9109,
2014-01-10 12:01:00,ASHBUI,42.47,42.93,40.7,42.63,66038,
2014-01-13 12:01:00,ASHBUI,41.73,44.93,41.73,42.27,39573,
2014-01-14 12:01:00,ASHBUI,41.93,43.27,41.93,42.03,3889,
2014-01-15 12:01:00,ASHBUI,42.37,44.53,42.33,44.13,19546,
2014-01-16 12:01:00,ASHBUI,44.33,44.6,42.4,42.83,7920,
2014-01-17 12:01:00,ASHBUI,42.67,45.07,41.67,44.1,15964,
2014-01-20 12:01:00,ASHBUI,43.67,47.63,43.03,47.2,74995,
2014-01-21 12:01:00,ASHBUI,48.47,48.7,44.03,44.6,214320,
2014-01-22 12:01:00,ASHBUI,44.6,44.7,42.77,43.27,25805,
2014-01-23 12:01:00,ASHBUI,43.2,43.83,42.1,42.23,6198,
2014-01-24 12:01:00,ASHBUI,41.87,43.0,41.47,41.77,6570,
2014-01-27 12:01:00,ASHBUI,41.4,42.57,40.13,40.9,17271,
2014-01-28 12:01:00,ASHBUI,41.33,41.33,40.1,40.3,6379,
2014-01-29 12:01:00,ASHBUI,40.73,41.0,40.13,40.2,2867,
2014-01-30 12:01:00,ASHBUI,40.0,40.0,37.0,37.77,9231,
2014-01-31 12:01:00,ASHBUI,37.67,38.87,37.67,37.97,9409,
2014-02-03 12:02:00,ASHBUI,38.47,41.0,38.03,40.0,54706,
2014-02-04 12:02:00,ASHBUI,39.5,41.0,38.1,40.0,5448,
2014-02-05 12:02:00,ASHBUI,40.67,40.67,39.47,39.9,3333,
2014-02-06 12:02:00,ASHBUI,40.6,40.97,39.07,39.87,4071,
2014-02-07 12:02:00,ASHBUI,40.0,40.87,39.83,40.57,8472,
2014-02-10 12:02:00,ASHBUI,41.97,42.93,39.6,40.17,16398,
2014-02-11 12:02:00,ASHBUI,40.17,40.17,38.43,39.0,10533,
2014-02-12 12:02:00,ASHBUI,39.33,39.67,38.2,39.0,7500,
2014-02-13 12:02:00,ASHBUI,39.0,39.47,38.4,39.0,1808,
2014-02-14 12:02:00,ASHBUI,38.67,38.97,38.0,38.27,5918,
2014-02-17 12:02:00,ASHBUI,38.17,39.63,38.13,39.13,3451,
2014-02-18 12:02:00,ASHBUI,40.0,40.0,38.33,38.7,4455,
2014-02-19 12:02:00,ASHBUI,39.2,39.63,38.37,38.77,2703,
2014-02-20 12:02:00,ASHBUI,39.17,39.17,37.7,38.1,7273,
2014-02-21 12:02:00,ASHBUI,38.1,38.6,38.1,38.4,2378,
2014-02-24 12:02:00,ASHBUI,38.4,40.57,38.4,39.93,88810,
2014-02-25 12:02:00,ASHBUI,40.87,41.07,39.53,39.63,16118,
2014-02-26 12:02:00,ASHBUI,40.0,41.0,39.23,40.6,14022,
2014-02-28 12:02:00,ASHBUI,40.67,42.0,40.03,41.7,18676,
2014-03-03 12:03:00,ASHBUI,42.3,42.3,40.1,40.8,6919,
2014-03-04 12:03:00,ASHBUI,41.67,41.67,39.77,40.67,5094,
2014-03-05 12:03:00,ASHBUI,40.0,42.03,40.0,41.3,206910,
2014-03-06 12:03:00,ASHBUI,41.27,42.6,40.9,42.4,16128,
2014-03-07 12:03:00,ASHBUI,42.8,45.0,42.67,44.5,46263,
2014-03-10 12:03:00,ASHBUI,44.5,45.67,43.13,43.67,48326,
2014-03-11 12:03:00,ASHBUI,44.6,45.67,44.0,45.33,26624,
2014-03-12 12:03:00,ASHBUI,46.97,46.97,45.03,45.8,15644,
2014-03-13 12:03:00,ASHBUI,46.27,46.6,45.5,46.27,12663,
2014-03-14 12:03:00,ASHBUI,47.3,47.3,45.67,46.47,12546,
2014-03-18 12:03:00,ASHBUI,46.67,47.33,44.07,44.57,15365,
2014-03-19 12:03:00,ASHBUI,45.43,46.0,43.47,44.73,20272,
2014-03-20 12:03:00,ASHBUI,46.1,49.47,46.07,48.2,76063,
2014-03-21 12:03:00,ASHBUI,50.2,52.33,46.7,50.27,1961221,
2014-03-22 12:03:00,ASHBUI,49.87,50.77,49.1,50.23,16562,
2014-03-24 12:03:00,ASHBUI,49.87,50.67,49.0,50.37,12703,
2014-03-25 12:03:00,ASHBUI,49.87,51.6,48.4,51.13,100022,
2014-03-26 12:03:00,ASHBUI,52.33,52.33,47.0,49.8,55459,
2014-03-27 12:03:00,ASHBUI,50.67,51.27,48.73,50.33,30751,
2014-03-28 12:03:00,ASHBUI,52.13,52.33,49.37,51.3,72874,
2014-03-31 12:03:00,ASHBUI,51.33,53.13,49.67,50.93,11190,
2014-04-01 12:04:00,ASHBUI,51.93,52.1,50.0,50.73,4694,
2014-04-02 12:04:00,ASHBUI,51.33,54.67,50.07,51.53,62803,
2014-04-03 12:04:00,ASHBUI,54.0,54.0,52.0,52.4,24348,
2014-04-04 12:04:00,ASHBUI,53.3,53.3,50.83,51.23,16277,
2014-04-07 12:04:00,ASHBUI,51.4,52.3,49.33,50.0,12632,
2014-04-09 12:04:00,ASHBUI,50.23,60.0,50.2,60.0,60752,
2014-04-10 12:04:00,ASHBUI,61.0,72.0,60.07,62.27,279013,
2014-04-11 12:04:00,ASHBUI,62.27,63.33,59.6,62.57,25546,
2014-04-15 12:04:00,ASHBUI,61.93,65.83,60.43,61.93,57074,
2014-04-16 12:04:00,ASHBUI,62.67,62.7,57.87,58.73,16871,
2014-04-17 12:04:00,ASHBUI,60.0,70.47,58.67,66.43,986800,
2014-04-21 12:04:00,ASHBUI,67.63,67.63,64.67,65.77,27402,
2014-04-22 12:04:00,ASHBUI,65.33,69.33,65.13,66.13,46097,
2014-04-23 12:04:00,ASHBUI,65.33,67.3,64.27,64.57,151616,
2014-04-25 12:04:00,ASHBUI,64.0,66.07,61.07,62.67,20882,
2014-04-28 12:04:00,ASHBUI,65.3,65.33,62.83,63.5,11612,
2014-04-29 12:04:00,ASHBUI,63.37,64.0,61.33,61.97,11791,
2014-04-30 12:04:00,ASHBUI,63.2,63.93,58.37,62.37,19390,
2014-05-02 12:05:00,ASHBUI,61.67,63.07,59.7,60.37,4711,
2014-05-05 12:05:00,ASHBUI,59.73,64.33,59.73,62.47,15315,
2014-05-06 12:05:00,ASHBUI,61.87,65.2,61.87,62.9,11732,
2014-05-07 12:05:00,ASHBUI,62.9,64.0,62.0,62.13,3962,
2014-05-08 12:05:00,ASHBUI,62.2,65.83,61.83,65.03,74433,
2014-05-09 12:05:00,ASHBUI,68.63,68.63,62.83,63.83,8991,
2014-05-12 12:05:00,ASHBUI,65.0,67.33,63.7,66.27,27771,
2014-05-13 12:05:00,ASHBUI,69.3,71.93,67.43,70.53,84636,
2014-05-14 12:05:00,ASHBUI,70.93,78.67,70.9,71.67,359246,
2014-05-15 12:05:00,ASHBUI,72.0,76.53,72.0,73.87,811564,
2014-05-16 12:05:00,ASHBUI,76.63,78.67,74.0,75.0,109765,
2014-05-19 12:05:00,ASHBUI,74.67,82.0,74.67,78.67,956479,
2014-05-20 12:05:00,ASHBUI,80.0,85.33,80.0,82.27,149076,
2014-05-21 12:05:00,ASHBUI,82.0,84.97,79.6,80.23,52426,
2014-05-22 12:05:00,ASHBUI,82.33,96.27,79.0,88.3,2552698,
2014-05-23 12:05:00,ASHBUI,90.07,101.33,89.07,96.4,212274,
2014-05-26 12:05:00,ASHBUI,97.3,102.47,85.83,89.0,152270,
2014-05-27 12:05:00,ASHBUI,90.67,93.33,82.0,83.6,115551,
2014-05-28 12:05:00,ASHBUI,85.7,90.2,85.7,88.33,97063,
2014-05-29 12:05:00,ASHBUI,88.67,90.0,86.07,88.3,23667,
2014-05-30 12:05:00,ASHBUI,90.67,95.33,88.0,89.63,210118,
2014-06-02 12:06:00,ASHBUI,90.0,96.27,90.0,94.23,174908,
2014-06-03 12:06:00,ASHBUI,95.97,99.87,95.33,97.87,64702,
2014-06-04 12:06:00,ASHBUI,99.83,99.83,96.83,97.93,65010,
2014-06-05 12:06:00,ASHBUI,99.43,103.0,98.67,99.6,111672,
2014-06-06 12:06:00,ASHBUI,101.67,102.0,98.4,99.7,62648,
2014-06-09 12:06:00,ASHBUI,103.33,103.33,97.47,98.0,67613,
2014-06-10 12:06:00,ASHBUI,100.0,101.2,94.07,97.33,98054,
2014-06-12 12:06:00,ASHBUI,92.67,96.27,90.73,94.43,97458,
2014-06-13 12:06:00,ASHBUI,94.43,100.0,91.33,95.93,174615,
2014-06-16 12:06:00,ASHBUI,96.93,98.0,94.03,95.67,55564,
2014-06-17 12:06:00,ASHBUI,95.7,99.27,94.77,98.77,128480,
2014-06-18 12:06:00,ASHBUI,98.0,101.33,97.33,99.43,147574,
2014-06-19 12:06:00,ASHBUI,100.0,102.0,97.33,99.8,93964,
2014-06-20 12:06:00,ASHBUI,98.8,99.97,95.33,97.77,48032,
2014-06-23 12:06:00,ASHBUI,97.33,99.87,94.77,97.93,121057,
2014-06-24 12:06:00,ASHBUI,97.37,99.9,97.07,98.23,63237,
2014-06-25 12:06:00,ASHBUI,97.37,99.2,97.2,98.07,223182,
2014-06-26 12:06:00,ASHBUI,98.0,99.0,96.33,97.47,66214,
2014-06-27 12:06:00,ASHBUI,97.6,99.0,95.73,96.6,51853,
2014-06-30 12:06:00,ASHBUI,99.33,100.33,97.67,98.57,73303,
2014-07-01 12:07:00,ASHBUI,100.27,101.33,98.0,98.57,63971,
2014-07-02 12:07:00,ASHBUI,98.87,99.33,96.67,97.3,70011,
2014-07-03 12:07:00,ASHBUI,98.93,98.93,94.33,95.07,53293,
2014-07-04 12:07:00,ASHBUI,95.2,96.67,94.67,96.13,324904,
2014-07-07 12:07:00,ASHBUI,96.17,98.5,96.17,97.43,29217,
2014-07-08 12:07:00,ASHBUI,98.63,99.67,94.4,96.1,151996,
2014-07-09 12:07:00,ASHBUI,95.33,97.27,90.33,93.83,28266,
2014-07-10 12:07:00,ASHBUI,94.5,98.0,91.33,94.57,115512,
2014-07-11 12:07:00,ASHBUI,93.43,97.33,89.03,91.6,34887,
2014-07-14 12:07:00,ASHBUI,92.0,96.0,88.67,94.8,48553,
2014-07-15 12:07:00,ASHBUI,94.77,98.67,94.33,97.5,199510,
2014-07-16 12:07:00,ASHBUI,100.0,105.67,98.93,103.3,174376,
2014-07-17 12:07:00,ASHBUI,104.67,104.67,101.03,102.0,150987,
2014-07-18 12:07:00,ASHBUI,103.87,106.27,100.8,101.37,99687,
2014-07-21 12:07:00,ASHBUI,103.3,103.3,100.7,101.9,176808,
2014-07-22 12:07:00,ASHBUI,102.23,102.23,98.0,98.7,30753,
2014-07-23 12:07:00,ASHBUI,98.1,100.67,98.1,98.97,93484,
2014-07-24 12:07:00,ASHBUI,98.57,98.7,94.67,95.07,36828,
2014-07-25 12:07:00,ASHBUI,94.07,95.2,89.67,92.43,104832,
2014-07-28 12:07:00,ASHBUI,91.33,92.43,85.43,87.37,101616,
2014-07-30 12:07:00,ASHBUI,86.67,86.67,80.93,82.57,110487,
2014-07-31 12:07:00,ASHBUI,81.47,86.3,81.47,85.13,99401,
2014-08-01 12:08:00,ASHBUI,85.0,89.3,83.1,85.2,172346,
2014-08-04 12:08:00,ASHBUI,84.73,88.23,83.77,87.23,48655,
2014-08-05 12:08:00,ASHBUI,90.0,90.3,86.87,89.0,35079,
2014-08-06 12:08:00,ASHBUI,90.57,91.0,87.33,89.0,12963,
2014-08-07 12:08:00,ASHBUI,88.33,89.9,87.43,88.3,24914,
2014-08-08 12:08:00,ASHBUI,85.4,87.33,84.03,85.83,16961,
2014-08-11 12:08:00,ASHBUI,85.73,87.07,84.87,85.97,31219,
2014-08-12 12:08:00,ASHBUI,85.63,87.77,84.7,85.67,16616,
2014-08-13 12:08:00,ASHBUI,87.63,90.87,82.07,84.33,78401,
2014-08-14 12:08:00,ASHBUI,86.63,88.0,85.43,87.23,104281,
2014-08-18 12:08:00,ASHBUI,87.67,92.67,86.8,91.6,325213,
2014-08-19 12:08:00,ASHBUI,92.8,97.5,92.0,93.33,340507,
2014-08-20 12:08:00,ASHBUI,93.77,93.77,90.0,90.87,152751,
2014-08-21 12:08:00,ASHBUI,92.0,93.2,90.33,91.2,24802,
2014-08-22 12:08:00,ASHBUI,92.5,92.67,89.33,90.03,427759,
2014-08-25 12:08:00,ASHBUI,89.33,95.63,85.7,86.67,318711,
2014-08-26 12:08:00,ASHBUI,88.0,89.2,85.2,86.4,52308,
2014-08-27 12:08:00,ASHBUI,85.67,87.33,84.67,86.5,21701,
2014-08-28 12:08:00,ASHBUI,86.67,87.53,84.67,85.5,13383,
2014-09-01 12:09:00,ASHBUI,85.37,87.07,84.33,85.53,26587,
2014-09-02 12:09:00,ASHBUI,86.57,87.27,84.8,86.1,195091,
2014-09-03 12:09:00,ASHBUI,87.0,93.13,87.0,91.9,730578,
2014-09-04 12:09:00,ASHBUI,93.33,96.67,92.03,93.47,569832,
2014-09-05 12:09:00,ASHBUI,93.33,95.6,93.33,94.0,265455,
2014-09-08 12:09:00,ASHBUI,93.4,95.93,93.0,93.87,260881,
2014-09-09 12:09:00,ASHBUI,94.3,97.67,93.17,95.83,469517,
2014-09-10 12:09:00,ASHBUI,94.8,95.97,93.4,93.73,285521,
2014-09-11 12:09:00,ASHBUI,95.2,95.87,92.67,93.37,201122,
2014-09-12 12:09:00,ASHBUI,93.67,96.63,93.33,94.33,188453,
2014-09-15 12:09:00,ASHBUI,92.07,96.0,92.07,95.4,162205,
2014-09-16 12:09:00,ASHBUI,96.67,97.0,87.13,90.83,157874,
2014-09-17 12:09:00,ASHBUI,91.0,92.73,88.33,90.83,76003,
2014-09-18 12:09:00,ASHBUI,90.03,96.6,90.03,94.37,285632,
2014-09-19 12:09:00,ASHBUI,95.17,96.73,88.67,91.53,163419,
2014-09-22 12:09:00,ASHBUI,89.33,94.6,89.33,93.97,75733,
2014-09-23 12:09:00,ASHBUI,94.93,96.47,92.4,93.93,149251,
2014-09-24 12:09:00,ASHBUI,93.6,93.6,89.33,90.5,34167,
2014-09-25 12:09:00,ASHBUI,90.7,91.27,84.07,86.5,56201,
2014-09-26 12:09:00,ASHBUI,87.3,90.67,84.33,86.93,102879,
2014-09-29 12:09:00,ASHBUI,88.67,91.0,87.33,89.17,88170,
2014-09-30 12:09:00,ASHBUI,90.53,92.17,89.33,89.7,48996,
2014-10-01 12:10:00,ASHBUI,90.87,92.27,88.67,89.1,30268,
2014-10-07 12:10:00,ASHBUI,90.67,92.67,87.33,88.63,107615,
2014-10-08 12:10:00,ASHBUI,88.0,89.33,85.33,86.73,50251,
2014-10-09 12:10:00,ASHBUI,87.33,90.0,86.0,88.73,574044,
2014-10-10 12:10:00,ASHBUI,87.93,88.27,84.67,85.4,72701,
2014-10-13 12:10:00,ASHBUI,86.67,86.67,84.07,85.43,23612,
2014-10-14 12:10:00,ASHBUI,86.5,86.5,84.03,84.47,22845,
2014-10-16 12:10:00,ASHBUI,85.2,85.67,73.37,80.23,317875,
2014-10-17 12:10:00,ASHBUI,80.8,81.03,75.83,77.87,112987,
2014-10-20 12:10:00,ASHBUI,78.17,79.13,73.5,76.6,197040,
2014-10-21 12:10:00,ASHBUI,77.33,79.33,75.43,75.87,32813,
2014-10-22 12:10:00,ASHBUI,76.9,90.0,76.83,85.53,263384,
2014-10-23 12:10:00,ASHBUI,85.33,88.27,85.33,87.2,28137,
2014-10-27 12:10:00,ASHBUI,87.97,93.27,85.0,88.63,112528,
2014-10-28 12:10:00,ASHBUI,89.47,89.93,86.9,89.33,330836,
2014-10-29 12:10:00,ASHBUI,88.1,92.67,88.1,90.73,81299,
2014-10-30 12:10:00,ASHBUI,91.4,92.97,89.67,90.1,20220,
2014-10-31 12:10:00,ASHBUI,90.9,94.87,90.27,93.03,834026,
2014-11-03 12:11:00,ASHBUI,93.87,94.93,91.0,91.63,59085,
2014-11-05 12:11:00,ASHBUI,92.0,94.0,90.07,90.6,55310,
2014-11-07 12:11:00,ASHBUI,91.23,92.67,87.37,88.17,38262,
2014-11-10 12:11:00,ASHBUI,88.8,92.0,88.53,91.23,62907,
2014-11-11 12:11:00,ASHBUI,91.47,92.6,88.67,89.8,57413,
2014-11-12 12:11:00,ASHBUI,89.83,91.0,89.0,89.33,34064,
2014-11-13 12:11:00,ASHBUI,89.8,90.57,85.4,88.63,141143,
2014-11-14 12:11:00,ASHBUI,88.0,88.33,83.33,86.67,103828,
2014-11-17 12:11:00,ASHBUI,86.67,91.27,84.3,86.13,74029,
2014-11-18 12:11:00,ASHBUI,86.6,87.33,84.53,85.03,64408,
2014-11-19 12:11:00,ASHBUI,85.83,95.33,83.4,88.97,456344,
2014-11-20 12:11:00,ASHBUI,90.6,93.23,88.33,91.7,90934,
2014-11-21 12:11:00,ASHBUI,91.57,94.0,90.0,91.1,74729,
2014-11-24 12:11:00,ASHBUI,91.2,94.0,91.2,93.37,181669,
2014-11-25 12:11:00,ASHBUI,94.0,94.0,89.97,93.07,258523,
2014-11-26 12:11:00,ASHBUI,94.43,94.67,92.23,93.2,511153,
2014-11-27 12:11:00,ASHBUI,93.33,94.0,91.0,91.33,32062,
2014-11-28 12:11:00,ASHBUI,92.67,93.47,91.67,91.9,103670,
2014-12-01 12:12:00,ASHBUI,91.0,92.07,87.33,88.2,56607,
2014-12-02 12:12:00,ASHBUI,88.47,89.3,86.77,88.47,152956,
2014-12-03 12:12:00,ASHBUI,88.27,99.07,87.4,93.07,158708,
2014-12-05 12:12:00,ASHBUI,94.2,94.2,91.13,92.3,66820,
2014-12-08 12:12:00,ASHBUI,91.87,93.87,89.7,90.5,114220,
2014-12-09 12:12:00,ASHBUI,88.17,91.33,86.73,87.87,316365,
2014-12-10 12:12:00,ASHBUI,88.6,89.5,87.8,88.37,30812,
2014-12-11 12:12:00,ASHBUI,88.4,88.67,85.97,86.6,102825,
2014-12-12 12:12:00,ASHBUI,86.0,88.23,85.73,87.47,228290,
2014-12-15 12:12:00,ASHBUI,86.67,93.0,86.67,92.0,106185,
2014-12-16 12:12:00,ASHBUI,92.0,92.0,86.73,87.13,72197,
2014-12-17 12:12:00,ASHBUI,86.8,91.9,82.1,86.87,161930,
2014-12-18 12:12:00,ASHBUI,87.67,90.57,83.77,86.07,143419,
2014-12-19 12:12:00,ASHBUI,87.63,91.2,87.47,89.73,71309,
2014-12-22 12:12:00,ASHBUI,91.23,91.47,90.0,90.7,21305,
2014-12-23 12:12:00,ASHBUI,92.53,96.53,91.23,93.0,900723,
2014-12-24 12:12:00,ASHBUI,94.8,97.33,92.2,92.7,212955,
2014-12-26 12:12:00,ASHBUI,94.33,94.33,91.4,91.73,34871,
2014-12-29 12:12:00,ASHBUI,91.2,93.73,90.67,91.37,36269,
2014-12-30 12:12:00,ASHBUI,93.43,95.93,91.6,92.47,137683,
2014-12-31 12:12:00,ASHBUI,92.4,94.97,92.1,92.57,85666,
2015-01-01 12:01:00,ASHBUI,92.6,95.33,92.07,94.73,70558,
2015-01-02 12:01:00,ASHBUI,95.8,104.33,95.8,102.4,875209,
2015-01-05 12:01:00,ASHBUI,104.97,109.2,102.9,105.27,456205,
2015-01-06 12:01:00,ASHBUI,104.6,107.67,99.77,103.0,301516,
2015-01-07 12:01:00,ASHBUI,104.27,104.27,98.8,100.9,169753,
2015-01-08 12:01:00,ASHBUI,102.0,105.13,102.0,102.87,228188,
2015-01-09 12:01:00,ASHBUI,103.43,104.43,101.33,102.77,59158,
2015-01-12 12:01:00,ASHBUI,99.0,107.23,99.0,103.13,251612,
2015-01-13 12:01:00,ASHBUI,102.6,106.0,101.43,102.73,212646,
2015-01-14 12:01:00,ASHBUI,103.8,103.83,94.33,98.37,970918,
2015-01-15 12:01:00,ASHBUI,101.17,103.2,95.07,97.53,361656,
2015-01-16 12:01:00,ASHBUI,98.53,100.67,97.1,98.7,81146,
2015-01-19 12:01:00,ASHBUI,100.17,102.2,98.4,99.9,238177,
2015-01-20 12:01:00,ASHBUI,101.53,103.9,100.67,101.9,750471,
2015-01-21 12:01:00,ASHBUI,100.67,103.33,98.07,99.23,136506,
2015-01-22 12:01:00,ASHBUI,98.73,103.83,96.73,97.73,187314,
2015-01-23 12:01:00,ASHBUI,99.23,100.17,95.43,95.83,110973,
2015-01-27 12:01:00,ASHBUI,96.73,101.53,96.07,97.73,132206,
2015-01-28 12:01:00,ASHBUI,97.9,99.73,96.07,97.03,63499,
2015-01-29 12:01:00,ASHBUI,97.33,100.67,96.4,96.9,142658,
2015-01-30 12:01:00,ASHBUI,97.93,99.33,94.17,95.13,390409,
2015-02-02 12:02:00,ASHBUI,91.7,99.2,90.7,97.7,558941,
2015-02-03 12:02:00,ASHBUI,96.73,98.67,95.5,95.87,63580,
2015-02-04 12:02:00,ASHBUI,97.83,98.0,92.67,93.93,89498,
2015-02-05 12:02:00,ASHBUI,94.23,95.23,90.17,91.33,60165,
2015-02-06 12:02:00,ASHBUI,91.87,92.67,88.4,89.7,74033,
2015-02-09 12:02:00,ASHBUI,89.33,93.27,88.67,90.1,48074,
2015-02-10 12:02:00,ASHBUI,89.9,93.47,89.07,91.83,75423,
2015-02-11 12:02:00,ASHBUI,93.97,96.0,92.8,95.37,84763,
2015-02-12 12:02:00,ASHBUI,95.37,100.97,90.17,96.37,372542,
2015-02-13 12:02:00,ASHBUI,98.2,103.67,96.67,98.6,402651,
2015-02-16 12:02:00,ASHBUI,96.67,100.37,95.0,95.63,83104,
2015-02-18 12:02:00,ASHBUI,95.33,98.67,93.7,97.4,947984,
2015-02-19 12:02:00,ASHBUI,96.13,102.27,96.13,100.0,312495,
2015-02-20 12:02:00,ASHBUI,100.73,102.0,97.23,99.4,429095,
2015-02-23 12:02:00,ASHBUI,100.8,106.33,99.67,102.57,864876,
2015-02-24 12:02:00,ASHBUI,102.53,104.6,101.33,101.9,149373,
2015-02-25 12:02:00,ASHBUI,102.73,104.03,98.63,99.8,258610,
2015-02-26 12:02:00,ASHBUI,99.53,100.27,95.33,97.43,134457,
2015-02-27 12:02:00,ASHBUI,98.23,106.0,98.23,104.67,431687,
2015-02-28 12:02:00,ASHBUI,104.33,113.33,100.8,109.83,948182,
2015-03-02 12:03:00,ASHBUI,111.33,129.33,111.23,120.93,3116740,
2015-03-03 12:03:00,ASHBUI,121.63,125.2,117.33,123.77,831432,
2015-03-04 12:03:00,ASHBUI,124.47,127.33,116.0,117.8,975350,
2015-03-05 12:03:00,ASHBUI,118.87,129.0,118.87,126.03,591100,
2015-03-09 12:03:00,ASHBUI,123.87,123.87,119.4,120.5,241391,
2015-03-10 12:03:00,ASHBUI,121.33,124.57,113.2,116.0,690646,
2015-03-11 12:03:00,ASHBUI,115.33,117.3,110.73,112.03,349817,
2015-03-12 12:03:00,ASHBUI,113.33,118.03,108.83,115.77,604665,
2015-03-13 12:03:00,ASHBUI,117.03,117.97,112.73,116.13,264836,
2015-03-16 12:03:00,ASHBUI,117.27,117.27,111.47,112.27,114165,
2015-03-17 12:03:00,ASHBUI,113.13,113.4,108.13,108.5,323379,
2015-03-18 12:03:00,ASHBUI,109.13,110.83,104.0,106.2,336761,
2015-03-19 12:03:00,ASHBUI,108.0,111.93,107.33,108.07,169727,
2015-03-20 12:03:00,ASHBUI,108.8,108.8,105.47,107.37,193232,
2015-03-23 12:03:00,ASHBUI,107.73,110.6,106.0,109.53,103825,
2015-03-24 12:03:00,ASHBUI,110.0,111.8,106.03,106.83,132995,
2015-03-25 12:03:00,ASHBUI,106.67,109.33,106.07,108.57,59772,
2015-03-26 12:03:00,ASHBUI,105.4,115.87,105.4,109.2,672256,
2015-03-27 12:03:00,ASHBUI,108.67,114.53,108.67,113.37,168512,
2015-03-30 12:03:00,ASHBUI,113.93,117.27,113.93,116.2,285332,
2015-03-31 12:03:00,ASHBUI,117.3,121.27,115.7,117.23,833197,
2015-04-01 12:04:00,ASHBUI,116.73,123.6,116.73,122.5,1319134,
2015-04-06 12:04:00,ASHBUI,121.4,129.63,121.4,126.2,347591,
2015-04-07 12:04:00,ASHBUI,126.2,133.13,124.33,127.2,555067,
2015-04-08 12:04:00,ASHBUI,128.43,129.67,125.4,126.9,215996,
2015-04-09 12:04:00,ASHBUI,127.07,131.33,126.1,127.93,370466,
2015-04-10 12:04:00,ASHBUI,127.87,129.27,125.43,128.57,383196,
2015-04-13 12:04:00,ASHBUI,127.03,130.93,127.03,128.77,121131,
2015-04-15 12:04:00,ASHBUI,127.53,138.0,127.53,128.77,447303,
2015-04-17 12:04:00,ASHBUI,124.77,126.23,122.1,125.43,136466,
2015-04-20 12:04:00,ASHBUI,123.5,129.87,123.5,127.07,165508,
2015-04-21 12:04:00,ASHBUI,128.63,132.67,124.67,126.23,392001,
2015-04-22 12:04:00,ASHBUI,126.6,127.5,123.33,124.8,436793,
2015-04-23 12:04:00,ASHBUI,125.33,125.6,118.67,120.67,128524,
2015-04-24 12:04:00,ASHBUI,121.67,121.67,110.3,112.67,523413,
2015-04-27 12:04:00,ASHBUI,111.93,111.93,97.7,108.2,713303,
2015-04-28 12:04:00,ASHBUI,108.47,110.07,105.5,107.1,365767,
2015-04-29 12:04:00,ASHBUI,107.97,109.2,105.1,105.6,79622,
2015-04-30 12:04:00,ASHBUI,107.23,109.6,104.07,106.73,300332,
2015-05-04 12:05:00,ASHBUI,107.9,108.67,106.8,107.2,54438,
2015-05-05 12:05:00,ASHBUI,107.73,109.33,106.73,108.17,366479,
2015-05-06 12:05:00,ASHBUI,107.8,107.93,102.73,104.1,433188,
2015-05-07 12:05:00,ASHBUI,104.2,105.73,99.5,100.8,161211,
2015-05-08 12:05:00,ASHBUI,103.17,106.07,101.73,104.87,114739,
2015-05-11 12:05:00,ASHBUI,105.7,107.67,104.87,107.03,24528,
2015-05-12 12:05:00,ASHBUI,107.9,108.13,98.73,99.57,124391,
2015-05-13 12:05:00,ASHBUI,100.33,104.43,100.07,102.13,82556,
2015-05-14 12:05:00,ASHBUI,112.67,115.33,107.33,108.9,1421654,
2015-05-15 12:05:00,ASHBUI,109.97,114.0,109.33,112.4,683171,
2015-05-18 12:05:00,ASHBUI,112.03,112.83,108.1,111.1,139599,
2015-05-19 12:05:00,ASHBUI,111.6,114.67,110.0,110.83,206905,
2015-05-20 12:05:00,ASHBUI,111.33,113.6,111.33,113.0,115718,
2015-05-21 12:05:00,ASHBUI,114.0,114.47,112.4,113.13,368831,
2015-05-22 12:05:00,ASHBUI,113.97,114.0,110.57,113.1,91069,
2015-05-25 12:05:00,ASHBUI,113.5,116.07,112.0,112.27,90587,
2015-05-26 12:05:00,ASHBUI,115.63,115.63,112.4,113.7,63297,
2015-05-27 12:05:00,ASHBUI,112.67,117.33,111.73,113.3,180012,
2015-05-28 12:05:00,ASHBUI,114.33,115.67,112.37,115.07,96774,
2015-05-29 12:05:00,ASHBUI,114.9,120.87,114.37,119.77,200276,
2015-06-01 12:06:00,ASHBUI,118.6,119.7,117.33,118.63,149467,
2015-06-02 12:06:00,ASHBUI,118.8,120.0,115.33,118.93,195894,
2015-06-03 12:06:00,ASHBUI,118.17,118.83,107.33,114.23,129407,
2015-06-04 12:06:00,ASHBUI,113.83,116.5,113.67,115.27,65388,
2015-06-05 12:06:00,ASHBUI,115.5,115.87,111.67,112.83,181274,
2015-06-08 12:06:00,ASHBUI,112.6,114.27,109.13,111.87,78789,
2015-06-09 12:06:00,ASHBUI,110.4,113.97,108.33,110.67,87826,
2015-06-10 12:06:00,ASHBUI,111.3,113.67,110.03,110.8,63435,
2015-06-11 12:06:00,ASHBUI,111.87,111.93,107.43,107.93,29811,
2015-06-12 12:06:00,ASHBUI,107.8,109.53,107.33,108.23,37370,
2015-06-15 12:06:00,ASHBUI,109.0,109.9,106.8,108.03,41492,
2015-06-16 12:06:00,ASHBUI,107.87,108.77,105.3,106.4,23657,
2015-06-17 12:06:00,ASHBUI,105.97,108.5,105.37,106.1,81120,
2015-06-18 12:06:00,ASHBUI,107.33,111.4,106.7,110.73,134636,
2015-06-19 12:06:00,ASHBUI,111.87,118.6,111.87,117.2,183372,
2015-06-22 12:06:00,ASHBUI,116.1,121.23,115.6,120.07,423293,
2015-06-23 12:06:00,ASHBUI,120.4,123.33,119.17,122.27,134313,
2015-06-24 12:06:00,ASHBUI,122.27,122.27,116.83,118.0,471755,
2015-06-25 12:06:00,ASHBUI,117.33,122.67,116.67,118.7,120890,
2015-06-26 12:06:00,ASHBUI,117.4,120.13,116.1,118.03,46313,
2015-06-29 12:06:00,ASHBUI,116.0,118.63,113.33,117.17,51480,
2015-06-30 12:06:00,ASHBUI,116.63,118.67,116.03,118.03,67477,
2015-07-01 12:07:00,ASHBUI,121.33,124.7,120.17,121.87,221243,
2015-07-02 12:07:00,ASHBUI,122.33,123.2,120.67,121.1,96431,
2015-07-03 12:07:00,ASHBUI,121.77,127.83,120.43,122.67,458562,
2015-07-06 12:07:00,ASHBUI,119.93,124.0,118.2,122.83,224298,
2015-07-07 12:07:00,ASHBUI,123.53,124.47,122.0,123.3,710685,
2015-07-08 12:07:00,ASHBUI,122.0,124.43,120.23,121.5,195001,
2015-07-09 12:07:00,ASHBUI,122.47,123.6,121.93,122.73,157245,
2015-07-10 12:07:00,ASHBUI,122.53,123.3,122.03,122.63,283572,
2015-07-13 12:07:00,ASHBUI,122.67,122.67,117.47,120.1,82763,
2015-07-14 12:07:00,ASHBUI,118.93,124.6,118.93,123.3,364836,
2015-07-16 12:07:00,ASHBUI,126.5,129.8,124.37,127.57,294003,
2015-07-17 12:07:00,ASHBUI,127.83,131.33,125.63,129.77,394889,
2015-07-20 12:07:00,ASHBUI,129.33,135.3,125.57,127.77,825252,
2015-07-21 12:07:00,ASHBUI,127.63,129.8,126.07,126.73,81555,
2015-07-22 12:07:00,ASHBUI,126.3,128.0,125.33,126.67,62232,
2015-07-23 12:07:00,ASHBUI,126.97,129.33,126.0,128.33,53637,
2015-07-24 12:07:00,ASHBUI,128.6,129.93,126.37,128.07,102969,
2015-07-27 12:07:00,ASHBUI,128.67,128.67,124.67,125.53,78989,
2015-07-28 12:07:00,ASHBUI,125.9,127.8,125.37,125.93,18259,
2015-07-29 12:07:00,ASHBUI,126.5,127.0,121.67,123.03,55587,
2015-07-30 12:07:00,ASHBUI,124.47,127.87,121.67,126.4,79910,
2015-07-31 12:07:00,ASHBUI,126.63,126.67,121.33,123.43,96208,
2015-08-03 12:08:00,ASHBUI,123.0,124.67,117.33,118.87,99062,
2015-08-04 12:08:00,ASHBUI,121.33,125.27,119.33,122.47,105926,
2015-08-05 12:08:00,ASHBUI,123.0,125.33,120.33,121.23,57564,
2015-08-06 12:08:00,ASHBUI,123.17,124.6,119.37,120.07,94100,
2015-08-07 12:08:00,ASHBUI,120.53,121.67,117.67,120.83,60708,
2015-08-10 12:08:00,ASHBUI,121.8,127.13,121.77,122.9,129057,
2015-08-11 12:08:00,ASHBUI,123.07,125.87,120.53,121.73,45968,
2015-08-12 12:08:00,ASHBUI,120.67,121.33,117.73,119.4,58333,
2015-08-13 12:08:00,ASHBUI,120.0,122.27,113.33,115.2,54121,
2015-08-14 12:08:00,ASHBUI,118.27,121.93,115.7,118.93,187084,
2015-08-17 12:08:00,ASHBUI,118.93,119.17,115.33,116.37,80595,
2015-08-18 12:08:00,ASHBUI,116.67,119.0,113.33,118.2,126947,
2015-08-19 12:08:00,ASHBUI,117.4,124.7,117.33,124.07,153045,
2015-08-20 12:08:00,ASHBUI,123.5,127.27,123.43,124.37,198215,
2015-08-21 12:08:00,ASHBUI,120.93,124.0,116.67,122.63,71665,
2015-08-24 12:08:00,ASHBUI,119.33,120.67,108.4,112.93,216568,
2015-08-25 12:08:00,ASHBUI,113.33,117.97,99.43,112.0,415155,
2015-08-26 12:08:00,ASHBUI,110.0,113.3,103.7,112.77,195633,
2015-08-27 12:08:00,ASHBUI,115.5,118.13,114.83,116.6,374192,
2015-08-28 12:08:00,ASHBUI,117.5,126.0,116.9,119.5,238580,
2015-08-31 12:08:00,ASHBUI,119.33,124.0,116.33,122.53,63632,
2015-09-01 12:09:00,ASHBUI,121.67,121.67,116.07,118.5,56756,
2015-09-02 12:09:00,ASHBUI,120.27,120.27,114.67,116.13,44872,
2015-09-03 12:09:00,ASHBUI,118.47,118.73,114.67,116.47,55356,
2015-09-04 12:09:00,ASHBUI,115.33,116.7,110.7,114.2,37264,
2015-09-07 12:09:00,ASHBUI,113.33,114.4,107.6,111.6,110631,
2015-09-08 12:09:00,ASHBUI,111.33,111.37,108.67,110.13,65902,
2015-09-09 12:09:00,ASHBUI,115.87,115.87,112.2,113.1,48921,
2015-09-10 12:09:00,ASHBUI,111.87,111.87,109.37,110.2,28417,
2015-09-11 12:09:00,ASHBUI,109.33,114.0,107.33,107.87,58936,
2015-09-14 12:09:00,ASHBUI,107.6,112.33,105.33,108.73,286624,
2015-09-15 12:09:00,ASHBUI,109.37,110.67,108.23,108.93,59677,
2015-09-16 12:09:00,ASHBUI,109.17,110.13,107.37,108.73,164195,
2015-09-18 12:09:00,ASHBUI,109.5,111.7,108.8,109.83,613450,
2015-09-21 12:09:00,ASHBUI,108.67,111.27,108.63,110.37,85963,
2015-09-22 12:09:00,ASHBUI,110.67,116.0,109.73,112.0,317135,
2015-09-23 12:09:00,ASHBUI,110.07,111.47,109.03,109.97,436330,
2015-09-24 12:09:00,ASHBUI,109.33,115.33,108.17,112.13,388086,
2015-09-28 12:09:00,ASHBUI,112.7,114.4,111.2,112.6,54597,
2015-09-29 12:09:00,ASHBUI,110.07,112.27,108.8,110.7,158032,
2015-09-30 12:09:00,ASHBUI,110.73,114.07,109.67,112.13,554991,
2015-10-01 12:10:00,ASHBUI,112.97,113.27,110.77,111.73,918100,
2015-10-05 12:10:00,ASHBUI,111.33,113.27,107.43,109.97,1180588,
2015-10-06 12:10:00,ASHBUI,111.1,112.0,108.8,110.8,566221,
2015-10-07 12:10:00,ASHBUI,111.8,113.13,110.53,111.07,119722,
2015-10-08 12:10:00,ASHBUI,111.23,111.37,109.07,109.37,137336,
2015-10-09 12:10:00,ASHBUI,108.8,111.1,108.8,109.63,27588,
2015-10-12 12:10:00,ASHBUI,109.97,110.67,107.67,108.43,36680,
2015-10-13 12:10:00,ASHBUI,108.67,110.67,107.73,108.8,44793,
2015-10-14 12:10:00,ASHBUI,108.53,110.67,108.0,109.4,73249,
2015-10-15 12:10:00,ASHBUI,109.1,112.33,109.0,110.7,359357,
2015-10-16 12:10:00,ASHBUI,111.13,111.93,109.67,110.5,581004,
2015-10-19 12:10:00,ASHBUI,110.53,110.97,108.67,109.23,113458,
2015-10-20 12:10:00,ASHBUI,109.33,110.27,107.33,107.6,228521,
2015-10-21 12:10:00,ASHBUI,107.97,109.83,107.33,107.5,446258,
2015-10-23 12:10:00,ASHBUI,108.0,110.0,107.7,109.4,68359,
2015-10-26 12:10:00,ASHBUI,114.0,114.03,108.07,109.33,188892,
2015-10-27 12:10:00,ASHBUI,108.77,110.4,107.87,108.5,65945,
2015-10-28 12:10:00,ASHBUI,108.67,112.47,108.23,110.2,213811,
2015-10-29 12:10:00,ASHBUI,109.63,110.6,109.03,109.3,79164,
2015-10-30 12:10:00,ASHBUI,109.33,111.27,107.13,110.27,56501,
2015-11-02 12:11:00,ASHBUI,109.43,109.97,106.37,108.8,64874,
2015-11-03 12:11:00,ASHBUI,108.67,110.0,108.0,108.13,37205,
2015-11-04 12:11:00,ASHBUI,108.2,109.87,106.67,107.67,86957,
2015-11-05 12:11:00,ASHBUI,107.57,108.4,106.8,107.7,35554,
2015-11-06 12:11:00,ASHBUI,108.57,109.67,107.0,109.17,149228,
2015-11-09 12:11:00,ASHBUI,110.67,113.2,108.47,109.5,817860,
2015-11-10 12:11:00,ASHBUI,110.27,110.27,107.5,107.97,68539,
2015-11-11 12:11:00,ASHBUI,109.17,111.27,109.13,110.27,69422,
2015-11-13 12:11:00,ASHBUI,110.6,112.67,108.73,111.67,338036,
2015-11-16 12:11:00,ASHBUI,112.0,112.33,110.67,111.27,122846,
2015-11-17 12:11:00,ASHBUI,112.53,112.53,110.17,111.5,166114,
2015-11-18 12:11:00,ASHBUI,112.6,116.0,111.0,113.37,227848,
2015-11-19 12:11:00,ASHBUI,114.0,116.0,113.67,114.5,157798,
2015-11-20 12:11:00,ASHBUI,115.83,123.53,115.67,121.6,567885,
2015-11-23 12:11:00,ASHBUI,123.17,124.9,122.03,123.17,279616,
2015-11-24 12:11:00,ASHBUI,124.63,124.63,118.63,119.4,99335,
2015-11-26 12:11:00,ASHBUI,120.0,122.47,120.0,121.07,158588,
2015-11-27 12:11:00,ASHBUI,121.93,124.0,120.0,122.53,203504,
2015-11-30 12:11:00,ASHBUI,123.67,129.67,121.5,124.8,310711,
2015-12-01 12:12:00,ASHBUI,125.03,127.0,123.83,125.83,326278,
2015-12-02 12:12:00,ASHBUI,126.67,130.0,126.4,129.43,352083,
2015-12-03 12:12:00,ASHBUI,129.13,130.0,127.3,129.23,327828,
2015-12-04 12:12:00,ASHBUI,125.27,129.5,124.83,129.17,297547,
2015-12-07 12:12:00,ASHBUI,129.27,131.57,124.8,127.73,161320,
2015-12-08 12:12:00,ASHBUI,128.0,133.57,125.8,129.27,295020,
2015-12-09 12:12:00,ASHBUI,129.63,131.63,126.67,127.83,260083,
2015-12-10 12:12:00,ASHBUI,126.73,129.57,123.37,126.93,105396,
2015-12-11 12:12:00,ASHBUI,127.77,129.67,126.77,129.47,251110,
2015-12-14 12:12:00,ASHBUI,127.1,130.33,126.73,129.83,165376,
2015-12-15 12:12:00,ASHBUI,130.57,131.33,127.67,128.53,72764,
2015-12-16 12:12:00,ASHBUI,129.2,131.0,128.1,128.7,60704,
2015-12-17 12:12:00,ASHBUI,128.17,130.8,128.13,129.8,135100,
2015-12-18 12:12:00,ASHBUI,129.13,134.67,128.4,131.8,830347,
2015-12-21 12:12:00,ASHBUI,132.23,135.33,131.97,134.6,205234,
2015-12-22 12:12:00,ASHBUI,135.77,137.2,131.8,134.07,164991,
2015-12-23 12:12:00,ASHBUI,138.67,141.37,136.67,137.27,377743,
2015-12-24 12:12:00,ASHBUI,138.47,139.1,132.53,133.63,333783,
2015-12-28 12:12:00,ASHBUI,134.07,136.6,133.6,134.93,102462,
2015-12-29 12:12:00,ASHBUI,134.8,135.77,130.4,132.6,138826,
2015-12-30 12:12:00,ASHBUI,133.27,134.6,131.0,131.7,58496,
2015-12-31 12:12:00,ASHBUI,131.4,136.0,130.07,133.0,128014,
2016-01-01 12:01:00,ASHBUI,132.53,135.6,130.07,133.27,86950,
2016-01-04 12:01:00,ASHBUI,132.6,133.93,128.73,129.6,95114,
2016-01-05 12:01:00,ASHBUI,129.33,130.97,125.0,126.03,246415,
2016-01-06 12:01:00,ASHBUI,127.23,129.23,124.4,126.27,118123,
2016-01-07 12:01:00,ASHBUI,126.27,126.27,123.4,124.4,62068,
2016-01-08 12:01:00,ASHBUI,125.23,134.67,125.07,130.07,367210,
2016-01-11 12:01:00,ASHBUI,127.37,129.13,125.6,126.43,57820,
2016-01-12 12:01:00,ASHBUI,126.67,128.07,124.0,125.4,38616,
2016-01-13 12:01:00,ASHBUI,125.93,127.93,116.9,121.27,112921,
2016-01-14 12:01:00,ASHBUI,120.67,126.47,118.03,123.4,38118,
2016-01-15 12:01:00,ASHBUI,123.57,125.33,121.53,123.5,73391,
2016-01-18 12:01:00,ASHBUI,122.67,123.07,113.73,116.07,76927,
2016-01-19 12:01:00,ASHBUI,116.6,118.0,114.67,117.07,151398,
2016-01-20 12:01:00,ASHBUI,116.0,116.0,110.77,113.07,183519,
2016-01-21 12:01:00,ASHBUI,113.97,118.0,113.97,117.23,89688,
2016-01-22 12:01:00,ASHBUI,118.2,122.97,117.37,120.33,170373,
2016-01-25 12:01:00,ASHBUI,123.3,129.87,122.33,128.53,422154,
2016-01-27 12:01:00,ASHBUI,128.9,131.3,126.07,127.0,169169,
2016-01-28 12:01:00,ASHBUI,127.37,129.63,126.6,127.47,91874,
2016-01-29 12:01:00,ASHBUI,128.27,130.0,125.53,128.8,183099,
2016-02-01 12:02:00,ASHBUI,129.77,130.5,125.63,127.03,48706,
2016-02-02 12:02:00,ASHBUI,126.67,130.57,125.4,127.17,235808,
2016-02-03 12:02:00,ASHBUI,126.0,126.8,120.8,122.8,93036,
2016-02-04 12:02:00,ASHBUI,123.37,126.37,123.37,124.87,65534,
2016-02-05 12:02:00,ASHBUI,124.67,127.33,124.07,126.77,32251,
2016-02-08 12:02:00,ASHBUI,126.0,127.73,123.7,125.03,47299,
2016-02-09 12:02:00,ASHBUI,123.6,125.8,121.0,124.77,70597,
2016-02-10 12:02:00,ASHBUI,123.37,125.0,122.4,123.6,32445,
2016-02-11 12:02:00,ASHBUI,122.7,123.3,115.67,116.97,120715,
2016-02-12 12:02:00,ASHBUI,115.2,119.1,108.43,113.93,156170,
2016-02-15 12:02:00,ASHBUI,115.67,125.3,115.67,122.7,99937,
2016-02-16 12:02:00,ASHBUI,122.67,123.07,117.33,118.0,23773,
2016-02-17 12:02:00,ASHBUI,118.7,118.7,112.57,116.6,85377,
2016-02-18 12:02:00,ASHBUI,118.53,123.0,117.1,119.5,33975,
2016-02-19 12:02:00,ASHBUI,120.67,122.5,118.87,120.73,64533,
2016-02-22 12:02:00,ASHBUI,121.73,124.57,121.03,122.4,26278,
2016-02-23 12:02:00,ASHBUI,122.0,122.63,119.53,120.33,32450,
2016-02-24 12:02:00,ASHBUI,117.5,121.33,117.5,118.9,37627,
2016-02-25 12:02:00,ASHBUI,120.0,120.03,118.8,119.73,23520,
2016-02-26 12:02:00,ASHBUI,120.67,122.67,118.6,119.83,150429,
2016-02-29 12:02:00,ASHBUI,120.53,122.33,114.5,117.6,77241,
2016-03-01 12:03:00,ASHBUI,118.6,124.9,118.6,122.5,341080,
2016-03-02 12:03:00,ASHBUI,126.6,127.2,124.27,124.5,112496,
2016-03-03 12:03:00,ASHBUI,125.3,126.27,122.67,123.47,36279,
2016-03-04 12:03:00,ASHBUI,125.13,125.27,122.57,123.7,40189,
2016-03-08 12:03:00,ASHBUI,124.67,124.67,122.33,122.7,34372,
2016-03-09 12:03:00,ASHBUI,128.67,128.67,121.7,124.03,498500,
2016-03-10 12:03:00,ASHBUI,124.97,125.27,123.5,124.37,108866,
2016-03-11 12:03:00,ASHBUI,125.2,125.2,123.33,124.07,39111,
2016-03-14 12:03:00,ASHBUI,124.07,126.6,123.8,124.23,26686,
2016-03-15 12:03:00,ASHBUI,123.57,125.2,120.67,121.23,42975,
2016-03-16 12:03:00,ASHBUI,121.03,122.53,117.33,119.03,208354,
2016-03-17 12:03:00,ASHBUI,121.83,123.2,120.33,120.67,59468,
2016-03-18 12:03:00,ASHBUI,120.7,121.77,119.7,120.57,231346,
2016-03-21 12:03:00,ASHBUI,120.0,123.47,119.33,123.03,43147,
2016-03-22 12:03:00,ASHBUI,123.47,126.03,120.63,124.67,88202,
2016-03-23 12:03:00,ASHBUI,125.67,126.6,120.67,121.73,127469,
2016-03-28 12:03:00,ASHBUI,122.5,123.17,114.87,115.77,197693,
2016-03-29 12:03:00,ASHBUI,115.8,116.17,111.2,113.07,259448,
2016-03-30 12:03:00,ASHBUI,114.07,117.0,114.07,115.77,44072,
2016-03-31 12:03:00,ASHBUI,116.47,116.47,113.33,113.93,60397,
2016-04-01 12:04:00,ASHBUI,114.03,115.67,112.97,114.07,42983,
2016-04-04 12:04:00,ASHBUI,114.6,116.47,114.03,115.67,74895,
2016-04-05 12:04:00,ASHBUI,115.23,116.0,112.67,113.07,85806,
2016-04-06 12:04:00,ASHBUI,111.67,111.67,90.47,90.47,5605931,
2016-04-07 12:04:00,ASHBUI,80.67,97.77,74.2,94.0,14766492,
2016-04-08 12:04:00,ASHBUI,96.6,99.33,94.67,97.77,1961780,
2016-04-11 12:04:00,ASHBUI,98.27,107.93,93.4,100.23,4559798,
2016-04-12 12:04:00,ASHBUI,100.77,103.2,97.77,98.9,969537,
2016-04-13 12:04:00,ASHBUI,100.73,101.33,92.33,94.0,830515,
2016-04-18 12:04:00,ASHBUI,95.27,99.77,93.47,97.83,869771,
2016-04-20 12:04:00,ASHBUI,98.5,99.33,96.8,97.43,262697,
2016-04-21 12:04:00,ASHBUI,97.6,98.33,96.0,96.63,477208,
2016-04-22 12:04:00,ASHBUI,96.33,96.8,94.7,95.73,223546,
2016-04-25 12:04:00,ASHBUI,96.07,96.87,94.7,94.83,158333,
2016-04-26 12:04:00,ASHBUI,94.67,95.93,93.0,93.43,363285,
2016-04-27 12:04:00,ASHBUI,94.53,95.13,92.93,93.73,250446,
2016-04-28 12:04:00,ASHBUI,94.07,94.77,91.33,91.9,115793,
2016-04-29 12:04:00,ASHBUI,91.67,92.67,89.47,90.8,146955,
2016-05-02 12:05:00,ASHBUI,90.87,98.3,89.73,94.63,429596,
2016-05-03 12:05:00,ASHBUI,94.67,95.27,91.1,91.7,142412,
2016-05-04 12:05:00,ASHBUI,92.03,93.33,90.4,90.67,138193,
2016-05-05 12:05:00,ASHBUI,90.53,93.0,88.6,89.5,175480,
2016-05-06 12:05:00,ASHBUI,89.73,89.73,88.03,88.83,163493,
2016-05-09 12:05:00,ASHBUI,89.93,91.97,88.07,90.37,518438,
2016-05-10 12:05:00,ASHBUI,90.1,92.87,90.1,91.43,116133,
2016-05-11 12:05:00,ASHBUI,92.33,92.33,89.6,91.1,73183,
2016-05-12 12:05:00,ASHBUI,91.63,96.2,90.2,92.77,485429,
2016-05-13 12:05:00,ASHBUI,93.23,95.57,93.13,94.63,274691,
2016-05-16 12:05:00,ASHBUI,95.27,95.27,93.0,93.43,65529,
2016-05-17 12:05:00,ASHBUI,94.0,94.5,92.47,92.57,65886,
2016-05-18 12:05:00,ASHBUI,92.8,94.8,92.13,92.97,89081,
2016-05-19 12:05:00,ASHBUI,93.33,96.97,90.37,91.87,313624,
2016-05-20 12:05:00,ASHBUI,93.33,94.5,91.43,92.27,113068,
2016-05-23 12:05:00,ASHBUI,93.4,94.0,89.47,90.9,416458,
2016-05-24 12:05:00,ASHBUI,92.53,92.53,89.43,91.73,328106,
2016-05-25 12:05:00,ASHBUI,93.17,93.53,91.87,92.6,72386,
2016-05-26 12:05:00,ASHBUI,91.13,93.33,91.07,92.9,84307,
2016-05-27 12:05:00,ASHBUI,93.33,93.33,91.73,92.7,69234,
2016-05-30 12:05:00,ASHBUI,93.33,93.33,90.0,90.83,150247,
2016-05-31 12:05:00,ASHBUI,91.77,93.33,90.5,92.17,492672,
2016-06-01 12:06:00,ASHBUI,91.33,93.0,89.83,90.63,86642,
2016-06-02 12:06:00,ASHBUI,91.13,91.13,87.8,88.23,120713,
2016-06-03 12:06:00,ASHBUI,89.2,89.27,87.6,87.93,53094,
2016-06-06 12:06:00,ASHBUI,88.0,90.43,87.73,88.33,118486,
2016-06-07 12:06:00,ASHBUI,88.27,88.47,84.07,84.93,146554,
2016-06-08 12:06:00,ASHBUI,85.53,88.43,84.27,87.67,354857,
2016-06-09 12:06:00,ASHBUI,87.7,89.83,87.07,87.97,144860,
2016-06-10 12:06:00,ASHBUI,87.47,88.53,87.0,87.2,59787,
2016-06-13 12:06:00,ASHBUI,86.7,87.07,85.83,86.03,285730,
2016-06-14 12:06:00,ASHBUI,85.43,88.67,85.43,88.47,101022,
2016-06-15 12:06:00,ASHBUI,88.67,91.63,88.03,90.73,182806,
2016-06-20 12:06:00,ASHBUI,90.67,92.0,87.87,91.07,56268,
2016-06-21 12:06:00,ASHBUI,90.0,94.13,90.0,93.47,128494,
2016-06-22 12:06:00,ASHBUI,95.0,99.6,93.33,98.43,697377,
2016-06-23 12:06:00,ASHBUI,98.8,99.03,94.2,97.37,139021,
2016-06-24 12:06:00,ASHBUI,93.4,94.63,90.33,92.8,199005,
2016-06-27 12:06:00,ASHBUI,91.67,97.33,91.67,96.5,122015,
2016-06-28 12:06:00,ASHBUI,96.27,98.13,94.73,96.7,73873,
2016-06-29 12:06:00,ASHBUI,96.83,102.6,96.83,101.43,267711,
2016-06-30 12:06:00,ASHBUI,102.93,106.5,102.07,105.83,309157,
2016-07-01 12:07:00,ASHBUI,106.67,114.93,106.67,113.27,793993,
2016-07-04 12:07:00,ASHBUI,114.67,116.03,107.47,109.63,294221,
2016-07-05 12:07:00,ASHBUI,110.07,111.73,108.63,111.17,114979,
2016-07-07 12:07:00,ASHBUI,111.17,115.8,110.77,112.13,582261,
2016-07-11 12:07:00,ASHBUI,109.0,111.37,108.93,110.1,120294,
2016-07-12 12:07:00,ASHBUI,108.37,111.57,108.37,110.43,69346,
2016-07-13 12:07:00,ASHBUI,110.13,110.87,107.33,108.03,40853,
2016-07-15 12:07:00,ASHBUI,107.7,107.97,104.8,105.87,188202,
2016-07-18 12:07:00,ASHBUI,104.67,109.1,104.67,108.5,75083,
2016-07-19 12:07:00,ASHBUI,109.0,115.2,109.0,112.77,831261,
2016-07-20 12:07:00,ASHBUI,113.2,116.33,112.67,113.73,463258,
2016-07-22 12:07:00,ASHBUI,111.5,112.97,110.37,111.8,61351,
2016-07-25 12:07:00,ASHBUI,112.67,112.67,107.77,108.47,103163,
2016-07-27 12:07:00,ASHBUI,108.77,110.0,106.17,106.87,72347,
2016-07-28 12:07:00,ASHBUI,107.37,109.33,106.13,106.87,59089,
2016-07-29 12:07:00,ASHBUI,106.87,107.37,104.93,105.6,55666,
2016-08-01 12:08:00,ASHBUI,106.1,108.33,105.33,105.57,71305,
2016-08-02 12:08:00,ASHBUI,106.0,106.63,101.1,101.7,90857,
2016-08-03 12:08:00,ASHBUI,101.67,104.17,98.23,103.03,168686,
2016-08-04 12:08:00,ASHBUI,105.33,106.17,103.0,103.67,74280,
2016-08-05 12:08:00,ASHBUI,103.73,105.13,101.7,103.6,61542,
2016-08-08 12:08:00,ASHBUI,104.0,106.6,104.0,105.2,73737,
2016-08-09 12:08:00,ASHBUI,105.6,108.0,103.37,104.13,160769,
2016-08-10 12:08:00,ASHBUI,105.6,109.6,104.0,106.77,161620,
2016-08-11 12:08:00,ASHBUI,107.17,107.3,103.23,103.83,89031,
2016-08-12 12:08:00,ASHBUI,104.67,107.33,102.23,103.07,89735,
2016-08-16 12:08:00,ASHBUI,103.33,105.1,100.37,101.17,53294,
2016-08-17 12:08:00,ASHBUI,101.6,103.27,100.33,100.5,53910,
2016-08-18 12:08:00,ASHBUI,101.27,102.13,100.2,100.6,135000,
2016-08-19 12:08:00,ASHBUI,101.73,101.73,100.0,100.27,76843,
2016-08-22 12:08:00,ASHBUI,100.53,100.93,97.87,98.8,72625,
2016-08-23 12:08:00,ASHBUI,98.67,100.23,98.0,98.87,58137,
2016-08-24 12:08:00,ASHBUI,99.3,102.93,98.83,102.3,85150,
2016-08-25 12:08:00,ASHBUI,102.67,103.27,102.0,102.7,42748,
2016-08-26 12:08:00,ASHBUI,103.5,103.5,102.0,103.27,51221,
2016-08-29 12:08:00,ASHBUI,104.47,106.0,103.37,103.83,106441,
2016-08-30 12:08:00,ASHBUI,105.33,106.0,102.0,104.07,407470,
2016-08-31 12:08:00,ASHBUI,104.8,107.33,104.0,106.1,301654,
2016-09-01 12:09:00,ASHBUI,106.67,107.47,104.8,105.23,130524,
2016-09-02 12:09:00,ASHBUI,105.23,106.63,105.23,105.87,56789,
2016-09-06 12:09:00,ASHBUI,110.0,112.53,106.67,109.0,434768,
2016-09-07 12:09:00,ASHBUI,109.9,111.87,109.0,109.83,131549,
2016-09-08 12:09:00,ASHBUI,109.33,115.6,108.13,114.83,524529,
2016-09-09 12:09:00,ASHBUI,115.6,117.33,113.37,114.5,210065,
2016-09-12 12:09:00,ASHBUI,111.93,112.7,108.23,109.13,70708,
2016-09-14 12:09:00,ASHBUI,108.0,111.33,107.33,109.4,117758,
2016-09-15 12:09:00,ASHBUI,109.33,113.33,108.07,112.0,96004,
2016-09-16 12:09:00,ASHBUI,111.4,113.97,110.37,112.07,117631,
2016-09-19 12:09:00,ASHBUI,112.67,114.97,111.4,112.97,393794,
2016-09-20 12:09:00,ASHBUI,113.27,113.27,109.4,111.43,78218,
2016-09-21 12:09:00,ASHBUI,112.3,113.3,110.43,112.13,605290,
2016-09-22 12:09:00,ASHBUI,113.0,116.0,112.67,115.57,307855,
2016-09-23 12:09:00,ASHBUI,115.37,119.07,113.03,115.83,478635,
2016-09-26 12:09:00,ASHBUI,115.6,117.33,114.67,116.73,122448,
2016-09-27 12:09:00,ASHBUI,117.33,118.33,112.07,113.67,370596,
2016-09-28 12:09:00,ASHBUI,114.27,116.67,113.87,114.53,346033,
2016-09-29 12:09:00,ASHBUI,115.3,117.57,108.37,112.07,643104,
2016-09-30 12:09:00,ASHBUI,110.0,114.67,109.1,113.63,71041,
2016-10-03 12:10:00,ASHBUI,113.73,117.23,113.73,116.93,107388,
2016-10-04 12:10:00,ASHBUI,116.67,117.63,114.67,115.6,98004,
2016-10-05 12:10:00,ASHBUI,115.77,116.3,114.03,114.87,35151,
2016-10-06 12:10:00,ASHBUI,114.03,117.8,113.4,117.53,394087,
2016-10-07 12:10:00,ASHBUI,117.27,117.33,114.3,115.63,53455,
2016-10-13 12:10:00,ASHBUI,112.07,114.5,109.33,110.67,749533,
2016-10-14 12:10:00,ASHBUI,110.73,112.4,110.0,111.33,987511,
2016-10-17 12:10:00,ASHBUI,113.33,113.33,107.53,108.33,38044,
2016-10-18 12:10:00,ASHBUI,109.43,110.5,108.33,110.1,196494,
2016-10-19 12:10:00,ASHBUI,110.37,112.3,109.93,110.13,1084926,
2016-10-20 12:10:00,ASHBUI,114.67,114.97,110.17,111.0,208348,
2016-10-21 12:10:00,ASHBUI,111.73,111.73,109.4,110.17,45811,
2016-10-24 12:10:00,ASHBUI,110.53,110.67,109.13,109.9,79846,
2016-10-25 12:10:00,ASHBUI,110.13,112.17,109.4,111.43,51795,
2016-10-26 12:10:00,ASHBUI,110.1,110.8,107.67,107.97,45651,
2016-10-27 12:10:00,ASHBUI,108.0,109.27,106.07,107.37,79845,
2016-10-28 12:10:00,ASHBUI,106.97,108.27,105.4,107.43,24054,
2016-10-30 12:10:00,ASHBUI,107.43,109.3,107.43,108.6,9411,
2016-11-01 12:11:00,ASHBUI,109.13,112.27,107.7,111.37,41322,
2016-11-02 12:11:00,ASHBUI,108.7,109.73,106.73,107.07,31714,
2016-11-03 12:11:00,ASHBUI,106.7,108.57,104.8,107.57,45282,
2016-11-04 12:11:00,ASHBUI,106.67,107.87,103.8,104.8,85292,
2016-11-07 12:11:00,ASHBUI,106.07,107.9,105.73,106.5,42812,
2016-11-08 12:11:00,ASHBUI,107.47,107.6,102.6,104.47,61493,
2016-11-09 12:11:00,ASHBUI,99.67,107.33,86.73,104.4,186993,
2016-11-10 12:11:00,ASHBUI,104.0,110.67,104.0,107.87,182310,
2016-11-11 12:11:00,ASHBUI,106.6,107.87,103.7,106.33,35839,
2016-11-15 12:11:00,ASHBUI,104.37,104.4,95.97,101.0,65655,
2016-11-16 12:11:00,ASHBUI,102.03,104.07,100.0,101.87,64753,
2016-11-17 12:11:00,ASHBUI,102.0,102.63,98.03,100.13,68787,
2016-11-18 12:11:00,ASHBUI,100.4,101.73,98.03,100.0,83643,
2016-11-21 12:11:00,ASHBUI,100.67,101.0,95.33,96.17,150072,
2016-11-22 12:11:00,ASHBUI,97.4,97.57,94.8,95.8,32138,
2016-11-23 12:11:00,ASHBUI,96.77,96.93,93.53,94.03,64840,
2016-11-24 12:11:00,ASHBUI,95.33,95.6,92.33,92.93,47758,
2016-11-28 12:11:00,ASHBUI,94.67,94.67,92.0,92.2,30677,
2016-11-29 12:11:00,ASHBUI,92.47,97.73,92.47,93.87,188012,
2016-11-30 12:11:00,ASHBUI,95.27,98.6,94.67,97.67,71986,
2016-12-01 12:12:00,ASHBUI,98.53,99.2,95.1,95.5,46090,
2016-12-02 12:12:00,ASHBUI,95.4,96.97,94.0,95.03,44855,
2016-12-05 12:12:00,ASHBUI,99.6,100.9,94.0,96.2,276448,
2016-12-06 12:12:00,ASHBUI,96.63,99.27,96.0,97.93,77779,
2016-12-07 12:12:00,ASHBUI,98.0,102.0,97.23,100.37,481785,
2016-12-08 12:12:00,ASHBUI,101.33,101.9,100.0,100.57,90540,
2016-12-09 12:12:00,ASHBUI,100.67,101.27,100.03,100.27,39198,
2016-12-12 12:12:00,ASHBUI,100.0,103.33,100.0,102.2,62992,
2016-12-13 12:12:00,ASHBUI,102.3,103.33,101.33,102.27,38804,
2016-12-14 12:12:00,ASHBUI,102.63,103.0,100.83,101.4,47379,
2016-12-15 12:12:00,ASHBUI,98.47,103.83,98.47,103.27,39195,
2016-12-16 12:12:00,ASHBUI,101.67,106.27,101.67,104.93,50904,
2016-12-19 12:12:00,ASHBUI,102.9,105.93,102.0,105.07,25142,
2016-12-20 12:12:00,ASHBUI,104.37,106.67,103.6,105.63,139311,
2016-12-21 12:12:00,ASHBUI,106.67,106.67,104.0,105.13,30889,
2016-12-22 12:12:00,ASHBUI,106.67,107.33,102.87,103.43,44509,
2016-12-23 12:12:00,ASHBUI,103.9,104.53,102.83,103.33,29607,
2016-12-26 12:12:00,ASHBUI,102.37,104.6,100.77,103.37,29236,
2016-12-27 12:12:00,ASHBUI,102.83,105.67,102.07,102.63,32977,
2016-12-28 12:12:00,ASHBUI,103.17,104.53,102.43,103.17,27085,
2016-12-29 12:12:00,ASHBUI,104.17,106.0,103.43,105.97,158691,
2016-12-30 12:12:00,ASHBUI,108.67,108.67,105.0,105.4,39864,
2017-01-02 12:01:00,ASHBUI,106.07,107.0,105.6,106.27,12062,
2017-01-03 12:01:00,ASHBUI,106.23,106.97,105.47,106.33,14937,
2017-01-04 12:01:00,ASHBUI,106.53,109.97,106.53,109.23,817622,
2017-01-05 12:01:00,ASHBUI,110.0,113.27,106.03,106.53,104422,
2017-01-06 12:01:00,ASHBUI,107.87,109.13,102.73,103.33,44103,
2017-01-09 12:01:00,ASHBUI,106.2,106.2,102.67,103.2,344100,
2017-01-10 12:01:00,ASHBUI,104.0,104.87,102.6,102.93,53072,
2017-01-11 12:01:00,ASHBUI,104.0,105.97,102.73,102.93,87529,
2017-01-12 12:01:00,ASHBUI,103.37,106.67,103.33,106.27,63506,
2017-01-13 12:01:00,ASHBUI,106.63,107.6,104.83,106.9,46005,
2017-01-16 12:01:00,ASHBUI,107.43,109.0,105.57,107.5,52963,
2017-01-17 12:01:00,ASHBUI,107.03,112.47,107.0,111.1,87067,
2017-01-18 12:01:00,ASHBUI,110.47,113.0,108.67,112.47,126874,
2017-01-19 12:01:00,ASHBUI,113.1,114.67,110.6,112.63,51372,
2017-01-20 12:01:00,ASHBUI,114.0,114.0,108.03,108.6,64427,
2017-01-23 12:01:00,ASHBUI,110.0,111.33,106.83,110.87,75557,
2017-01-24 12:01:00,ASHBUI,116.4,116.67,112.07,115.0,557106,
2017-01-25 12:01:00,ASHBUI,114.6,117.33,112.0,116.73,102966,
2017-01-27 12:01:00,ASHBUI,118.67,125.0,118.67,122.97,380305,
2017-01-30 12:01:00,ASHBUI,124.33,129.8,123.67,124.63,515753,
2017-01-31 12:01:00,ASHBUI,125.1,125.1,118.8,122.17,253538,
2017-02-01 12:02:00,ASHBUI,121.93,128.93,120.0,128.1,462710,
2017-02-02 12:02:00,ASHBUI,128.67,130.67,125.67,128.87,160165,
2017-02-03 12:02:00,ASHBUI,128.67,129.53,126.0,128.57,107262,
2017-02-06 12:02:00,ASHBUI,128.57,130.03,127.7,128.63,78045,
2017-02-07 12:02:00,ASHBUI,126.73,129.27,125.57,126.5,77157,
2017-02-08 12:02:00,ASHBUI,127.33,131.5,127.33,130.17,201039,
2017-02-09 12:02:00,ASHBUI,130.17,134.0,128.0,130.77,101402,
2017-02-10 12:02:00,ASHBUI,132.17,132.17,127.57,128.2,57763,
2017-02-13 12:02:00,ASHBUI,128.27,129.8,123.93,125.4,36106,
2017-02-14 12:02:00,ASHBUI,125.33,129.33,123.6,126.0,84185,
2017-02-15 12:02:00,ASHBUI,126.0,127.33,123.37,124.63,96992,
2017-02-16 12:02:00,ASHBUI,124.0,127.33,123.33,126.37,51746,
2017-02-17 12:02:00,ASHBUI,126.6,129.87,126.4,127.17,100597,
2017-02-20 12:02:00,ASHBUI,128.0,131.33,126.07,126.5,178349,
2017-02-21 12:02:00,ASHBUI,126.03,127.13,122.7,123.77,95847,
2017-02-22 12:02:00,ASHBUI,123.77,125.33,121.93,122.27,95684,
2017-02-23 12:02:00,ASHBUI,121.87,121.87,117.67,119.0,106179,
2017-02-27 12:02:00,ASHBUI,118.67,120.0,116.0,118.4,54678,
2017-02-28 12:02:00,ASHBUI,118.67,121.3,114.67,115.6,71921,
2017-03-01 12:03:00,ASHBUI,118.43,120.67,115.33,119.73,40329,
2017-03-02 12:03:00,ASHBUI,120.1,124.4,120.1,120.83,85446,
2017-03-03 12:03:00,ASHBUI,118.27,122.33,118.27,121.43,53214,
2017-03-06 12:03:00,ASHBUI,120.37,123.0,119.2,120.13,20269,
2017-03-07 12:03:00,ASHBUI,121.27,122.63,117.67,122.17,103058,
2017-03-08 12:03:00,ASHBUI,121.97,122.8,119.33,121.97,190429,
2017-03-09 12:03:00,ASHBUI,121.7,123.5,118.2,121.07,43293,
2017-03-10 12:03:00,ASHBUI,122.0,122.67,119.33,120.3,19544,
2017-03-14 12:03:00,ASHBUI,123.97,124.67,118.33,121.83,76872,
2017-03-15 12:03:00,ASHBUI,121.5,124.57,120.07,123.5,128796,
2017-03-16 12:03:00,ASHBUI,124.67,132.67,123.5,129.2,505507,
2017-03-17 12:03:00,ASHBUI,129.93,132.67,127.67,129.53,124609,
2017-03-20 12:03:00,ASHBUI,129.2,130.0,126.0,128.67,86252,
2017-03-21 12:03:00,ASHBUI,129.33,131.63,125.5,128.43,305238,
2017-03-22 12:03:00,ASHBUI,128.0,128.0,124.1,125.2,58367,
2017-03-23 12:03:00,ASHBUI,125.3,125.97,124.07,124.6,138209,
2017-03-24 12:03:00,ASHBUI,123.67,126.6,123.47,124.67,169391,
2017-03-27 12:03:00,ASHBUI,127.07,129.3,124.1,126.37,52008,
2017-03-28 12:03:00,ASHBUI,127.33,130.33,127.1,127.77,129870,
2017-03-29 12:03:00,ASHBUI,128.97,130.4,125.77,129.17,89846,
2017-03-30 12:03:00,ASHBUI,128.67,129.93,127.37,129.43,124957,
2017-03-31 12:03:00,ASHBUI,130.67,133.3,129.3,131.33,258825,
2017-04-03 12:04:00,ASHBUI,131.2,132.0,127.63,130.23,74768,
2017-04-05 12:04:00,ASHBUI,130.63,139.93,130.13,138.33,884738,
2017-04-06 12:04:00,ASHBUI,139.0,142.0,137.4,141.03,415822,
2017-04-07 12:04:00,ASHBUI,141.93,153.93,134.3,136.63,1763332,
2017-04-10 12:04:00,ASHBUI,137.33,141.23,137.33,139.13,161520,
2017-04-11 12:04:00,ASHBUI,139.9,141.93,138.67,139.93,288736,
2017-04-12 12:04:00,ASHBUI,143.13,143.33,138.67,141.97,299060,
2017-04-13 12:04:00,ASHBUI,142.0,142.67,140.67,141.23,201858,
2017-04-17 12:04:00,ASHBUI,142.63,142.77,138.03,140.2,218014,
2017-04-18 12:04:00,ASHBUI,142.67,144.4,140.03,141.03,212524,
2017-04-19 12:04:00,ASHBUI,142.67,142.93,139.07,140.0,396948,
2017-04-20 12:04:00,ASHBUI,141.0,141.27,138.17,138.57,145434,
2017-04-21 12:04:00,ASHBUI,139.57,139.83,135.23,136.3,253770,
2017-04-24 12:04:00,ASHBUI,139.2,139.2,135.3,135.97,238247,
2017-04-25 12:04:00,ASHBUI,137.8,137.9,132.2,132.67,228737,
2017-04-26 12:04:00,ASHBUI,133.83,135.67,131.0,132.43,247376,
2017-04-27 12:04:00,ASHBUI,130.87,134.1,130.87,132.67,199516,
2017-04-28 12:04:00,ASHBUI,133.4,134.17,130.73,131.17,130853,
2017-05-02 12:05:00,ASHBUI,132.27,133.0,128.67,129.43,153950,
2017-05-03 12:05:00,ASHBUI,130.43,141.87,128.43,140.2,957047,
2017-05-04 12:05:00,ASHBUI,140.73,143.2,137.33,141.37,280972,
2017-05-05 12:05:00,ASHBUI,142.0,142.67,136.73,139.83,190755,
2017-05-08 12:05:00,ASHBUI,140.0,141.33,137.77,138.93,63890,
2017-05-09 12:05:00,ASHBUI,140.67,140.67,135.0,136.5,318594,
2017-05-10 12:05:00,ASHBUI,136.1,140.7,135.5,138.37,351738,
2017-05-11 12:05:00,ASHBUI,138.9,145.0,138.3,141.37,423997,
2017-05-12 12:05:00,ASHBUI,143.6,143.97,138.73,140.23,178470,
2017-05-15 12:05:00,ASHBUI,140.67,145.0,137.43,144.03,159997,
2017-05-16 12:05:00,ASHBUI,141.53,144.0,140.67,143.27,213214,
2017-05-17 12:05:00,ASHBUI,142.87,145.8,141.4,144.67,383131,
2017-05-18 12:05:00,ASHBUI,144.0,144.4,138.67,139.77,78709,
2017-05-19 12:05:00,ASHBUI,141.4,142.6,136.7,137.5,398725,
2017-05-22 12:05:00,ASHBUI,139.0,139.43,132.63,134.4,126516,
2017-05-23 12:05:00,ASHBUI,136.67,136.67,128.57,131.77,97570,
2017-05-24 12:05:00,ASHBUI,131.77,134.2,129.63,130.67,91289,
2017-05-25 12:05:00,ASHBUI,133.33,135.17,131.4,133.03,97592,
2017-05-26 12:05:00,ASHBUI,133.3,135.93,132.47,133.27,137024,
2017-05-29 12:05:00,ASHBUI,133.33,135.9,132.33,133.37,59339,
2017-05-30 12:05:00,ASHBUI,134.7,134.7,128.67,129.93,143106,
2017-05-31 12:05:00,ASHBUI,131.3,132.0,125.73,126.9,164095,
2017-06-01 12:06:00,ASHBUI,127.4,128.6,124.1,125.0,63366,
2017-06-02 12:06:00,ASHBUI,125.47,129.0,125.47,126.83,88745,
2017-06-05 12:06:00,ASHBUI,126.9,129.67,126.9,128.0,558436,
2017-06-06 12:06:00,ASHBUI,128.17,129.13,123.4,125.07,95631,
2017-06-07 12:06:00,ASHBUI,125.17,127.13,123.03,124.1,121724,
2017-06-08 12:06:00,ASHBUI,124.13,126.6,122.93,124.17,134107,
2017-06-09 12:06:00,ASHBUI,125.13,125.13,122.97,123.37,265993,
2017-06-12 12:06:00,ASHBUI,124.0,128.27,124.0,126.53,163046,
2017-06-13 12:06:00,ASHBUI,127.6,129.07,126.7,128.17,86024,
2017-06-14 12:06:00,ASHBUI,127.37,129.8,126.33,127.1,53418,
2017-06-15 12:06:00,ASHBUI,126.77,129.57,124.43,127.03,79358,
2017-06-16 12:06:00,ASHBUI,129.1,130.27,127.4,128.87,248739,
2017-06-19 12:06:00,ASHBUI,130.27,130.77,128.57,129.87,60229,
2017-06-20 12:06:00,ASHBUI,132.0,136.67,131.23,132.8,380970,
2017-06-21 12:06:00,ASHBUI,132.8,132.8,129.5,132.17,66151,
2017-06-22 12:06:00,ASHBUI,132.57,132.63,127.07,127.7,94821,
2017-06-23 12:06:00,ASHBUI,129.07,129.07,122.0,122.77,167822,
2017-06-27 12:06:00,ASHBUI,122.8,124.4,120.0,121.83,59962,
2017-06-28 12:06:00,ASHBUI,121.83,124.9,119.17,122.43,122700,
2017-06-29 12:06:00,ASHBUI,124.23,125.33,121.33,124.43,364933,
2017-06-30 12:06:00,ASHBUI,126.03,126.03,121.47,123.07,48648,
2017-07-03 12:07:00,ASHBUI,122.37,125.03,122.37,123.83,30493,
2017-07-04 12:07:00,ASHBUI,124.0,129.0,123.2,125.53,71274,
2017-07-05 12:07:00,ASHBUI,125.0,127.33,124.1,126.67,62665,
2017-07-06 12:07:00,ASHBUI,127.33,128.27,124.67,124.83,95826,
2017-07-07 12:07:00,ASHBUI,125.33,127.13,123.47,126.67,129313,
2017-07-10 12:07:00,ASHBUI,127.77,127.77,124.0,125.63,4308,
2017-07-11 12:07:00,ASHBUI,126.53,128.0,124.5,126.3,41384,
2017-07-12 12:07:00,ASHBUI,129.33,129.33,126.0,127.77,124623,
2017-07-13 12:07:00,ASHBUI,129.2,132.0,128.2,129.2,98544,
2017-07-14 12:07:00,ASHBUI,129.7,130.13,125.33,127.3,175199,
2017-07-17 12:07:00,ASHBUI,126.7,128.0,125.33,125.67,17269,
2017-07-18 12:07:00,ASHBUI,125.33,126.57,123.63,124.67,24401,
2017-07-19 12:07:00,ASHBUI,126.43,130.67,125.37,126.47,37894,
2017-07-20 12:07:00,ASHBUI,126.2,128.67,124.37,124.73,89424,
2017-07-24 12:07:00,ASHBUI,126.33,126.33,122.43,123.2,295727,
2017-07-25 12:07:00,ASHBUI,123.9,124.9,122.67,123.33,75400,
2017-07-26 12:07:00,ASHBUI,122.87,124.57,120.47,121.3,86737,
2017-07-27 12:07:00,ASHBUI,121.07,124.9,121.07,122.63,120282,
2017-07-28 12:07:00,ASHBUI,124.47,125.47,122.0,122.87,524796,
2017-07-31 12:07:00,ASHBUI,121.73,125.33,121.73,123.7,73422,
2017-08-01 12:08:00,ASHBUI,123.87,123.87,119.37,119.97,86648,
2017-08-02 12:08:00,ASHBUI,120.0,124.0,120.0,123.6,39432,
2017-08-03 12:08:00,ASHBUI,124.53,124.53,119.2,119.77,45903,
2017-08-04 12:08:00,ASHBUI,119.33,120.67,118.8,119.57,22358,
2017-08-07 12:08:00,ASHBUI,120.0,126.47,120.0,124.93,98318,
2017-08-08 12:08:00,ASHBUI,124.93,125.97,120.33,121.17,43926,
2017-08-09 12:08:00,ASHBUI,121.33,122.97,118.83,120.47,42256,
2017-08-10 12:08:00,ASHBUI,128.67,129.87,116.67,118.67,676709,
2017-08-11 12:08:00,ASHBUI,116.67,119.1,114.4,117.6,286391,
2017-08-14 12:08:00,ASHBUI,119.6,126.27,119.23,125.53,435981,
2017-08-16 12:08:00,ASHBUI,125.33,128.0,125.0,127.17,319188,
2017-08-17 12:08:00,ASHBUI,128.13,128.63,126.57,126.67,335169,
2017-08-21 12:08:00,ASHBUI,126.03,127.3,121.97,122.47,141310,
2017-08-22 12:08:00,ASHBUI,124.07,124.6,122.67,124.07,27850,
2017-08-23 12:08:00,ASHBUI,124.67,125.13,120.9,122.2,58154,
2017-08-28 12:08:00,ASHBUI,123.37,125.7,123.37,124.07,24869,
2017-08-29 12:08:00,ASHBUI,123.33,125.33,122.33,124.67,39668,
2017-08-30 12:08:00,ASHBUI,124.67,132.67,124.67,127.5,1905576,
2017-08-31 12:08:00,ASHBUI,130.13,132.0,128.87,130.3,501451,
2017-09-01 12:09:00,ASHBUI,131.47,131.47,127.8,128.5,101583,
2017-09-04 12:09:00,ASHBUI,128.5,129.93,124.23,126.57,82593,
2017-09-05 12:09:00,ASHBUI,126.8,128.77,125.33,125.93,79543,
2017-09-06 12:09:00,ASHBUI,125.33,127.0,124.77,124.97,48641,
2017-09-07 12:09:00,ASHBUI,125.03,126.1,122.77,123.4,64670,
2017-09-08 12:09:00,ASHBUI,123.33,125.8,123.2,124.93,51257,
2017-09-11 12:09:00,ASHBUI,125.97,134.27,125.97,130.9,687927,
2017-09-12 12:09:00,ASHBUI,131.8,135.6,130.97,133.3,538360,
2017-09-13 12:09:00,ASHBUI,133.33,135.53,130.47,132.0,249552,
2017-09-14 12:09:00,ASHBUI,132.2,133.93,129.6,132.6,109051,
2017-09-15 12:09:00,ASHBUI,132.0,136.6,129.33,131.9,417661,
2017-09-18 12:09:00,ASHBUI,132.13,134.6,131.33,132.33,165318,
2017-09-19 12:09:00,ASHBUI,133.13,133.13,127.83,128.73,196806,
2017-09-20 12:09:00,ASHBUI,129.6,131.73,128.97,130.7,67947,
2017-09-21 12:09:00,ASHBUI,129.1,131.5,127.67,129.67,144694,
2017-09-22 12:09:00,ASHBUI,129.3,129.3,127.0,128.1,88836,
2017-09-25 12:09:00,ASHBUI,127.33,127.33,118.5,124.7,137719,
2017-09-26 12:09:00,ASHBUI,124.2,125.4,122.37,124.13,225472,
2017-09-27 12:09:00,ASHBUI,125.07,125.97,120.13,121.23,445838,
2017-09-28 12:09:00,ASHBUI,122.5,124.0,121.0,123.37,48139,
2017-09-29 12:09:00,ASHBUI,123.33,125.33,122.7,125.13,37581,
2017-10-03 12:10:00,ASHBUI,124.8,126.67,121.43,122.2,499796,
2017-10-04 12:10:00,ASHBUI,122.83,126.67,122.73,124.73,477752,
2017-10-05 12:10:00,ASHBUI,124.8,131.0,124.8,130.03,139696,
2017-10-06 12:10:00,ASHBUI,130.93,136.33,127.4,132.57,385095,
2017-10-09 12:10:00,ASHBUI,131.0,133.03,128.03,128.6,129745,
2017-10-10 12:10:00,ASHBUI,128.6,129.33,125.37,125.77,125979,
2017-10-11 12:10:00,ASHBUI,127.5,128.0,123.4,124.13,54512,
2017-10-12 12:10:00,ASHBUI,124.8,126.6,124.0,125.13,42308,
2017-10-13 12:10:00,ASHBUI,126.53,129.27,125.0,125.9,105882,
2017-10-16 12:10:00,ASHBUI,126.07,127.7,124.57,125.3,49812,
2017-10-17 12:10:00,ASHBUI,125.6,126.53,123.13,123.4,63534,
2017-10-18 12:10:00,ASHBUI,124.17,126.27,123.0,123.47,115785,
2017-10-19 12:10:00,ASHBUI,124.0,125.67,124.0,124.8,30786,
2017-10-23 12:10:00,ASHBUI,124.0,125.3,121.8,124.7,130284,
2017-10-24 12:10:00,ASHBUI,124.43,129.27,122.6,128.33,470030,
2017-10-25 12:10:00,ASHBUI,131.67,140.93,131.33,139.8,1614986,
2017-10-26 12:10:00,ASHBUI,140.5,145.53,139.0,142.1,2403312,
2017-10-27 12:10:00,ASHBUI,142.23,146.6,140.03,145.33,735313,
2017-10-30 12:10:00,ASHBUI,146.33,148.67,142.87,143.47,432496,
2017-10-31 12:10:00,ASHBUI,143.0,143.33,134.8,141.97,1288913,
2017-11-01 12:11:00,ASHBUI,142.0,146.0,135.67,144.47,1211278,
2017-11-02 12:11:00,ASHBUI,144.0,157.93,142.5,155.67,1391334,
2017-11-03 12:11:00,ASHBUI,156.67,157.87,152.17,154.6,533653,
2017-11-06 12:11:00,ASHBUI,152.67,154.33,148.4,153.33,247573,
2017-11-07 12:11:00,ASHBUI,154.0,160.3,145.33,158.93,669626,
2017-11-08 12:11:00,ASHBUI,160.07,162.33,151.63,155.27,269295,
2017-11-09 12:11:00,ASHBUI,154.77,156.67,147.0,149.3,289051,
2017-11-10 12:11:00,ASHBUI,149.23,149.83,143.97,145.93,184262,
2017-11-13 12:11:00,ASHBUI,142.67,144.0,137.5,138.23,3384806,
2017-11-14 12:11:00,ASHBUI,138.4,141.8,138.0,139.63,226772,
2017-11-15 12:11:00,ASHBUI,141.2,141.2,133.73,134.27,153154,
2017-11-16 12:11:00,ASHBUI,135.33,136.67,132.4,135.43,140147,
2017-11-17 12:11:00,ASHBUI,136.83,142.67,136.0,140.1,1267202,
2017-11-20 12:11:00,ASHBUI,139.73,142.2,137.73,138.4,214610,
2017-11-21 12:11:00,ASHBUI,139.93,144.6,139.93,142.5,278213,
2017-11-22 12:11:00,ASHBUI,143.33,154.8,143.33,152.07,446415,
2017-11-23 12:11:00,ASHBUI,155.0,162.67,154.8,157.3,1390940,
2017-11-24 12:11:00,ASHBUI,157.4,164.13,157.4,158.93,846541,
2017-11-27 12:11:00,ASHBUI,158.93,166.0,158.63,164.87,510502,
2017-11-28 12:11:00,ASHBUI,166.0,168.7,164.67,166.77,504041,
2017-11-29 12:11:00,ASHBUI,168.27,179.3,167.13,168.47,840254,
2017-11-30 12:11:00,ASHBUI,166.67,169.93,163.4,167.87,330549,
2017-12-01 12:12:00,ASHBUI,169.97,172.57,160.0,162.53,256827,
2017-12-04 12:12:00,ASHBUI,162.0,169.3,161.03,166.53,208373,
2017-12-05 12:12:00,ASHBUI,166.67,166.67,162.67,165.6,130889,
2017-12-06 12:12:00,ASHBUI,165.2,165.2,160.0,161.3,124428,
2017-12-07 12:12:00,ASHBUI,161.33,167.33,161.27,166.3,213394,
2017-12-08 12:12:00,ASHBUI,165.03,168.0,163.67,165.9,196817,
2017-12-11 12:12:00,ASHBUI,164.87,167.7,162.17,164.03,123779,
2017-12-12 12:12:00,ASHBUI,163.6,164.0,158.67,160.8,132787,
2017-12-13 12:12:00,ASHBUI,159.8,161.97,154.03,157.07,91429,
2017-12-14 12:12:00,ASHBUI,158.07,159.9,151.47,154.83,123989,
2017-12-15 12:12:00,ASHBUI,157.97,159.97,157.33,158.63,218419,
2017-12-18 12:12:00,ASHBUI,158.67,165.87,151.33,160.67,167572,
2017-12-19 12:12:00,ASHBUI,161.97,163.23,158.43,159.07,109226,
2017-12-20 12:12:00,ASHBUI,159.0,162.93,158.47,159.27,105420,
2017-12-21 12:12:00,ASHBUI,158.67,171.33,158.67,170.2,595068,
2017-12-22 12:12:00,ASHBUI,171.33,173.33,166.27,169.4,407360,
2017-12-26 12:12:00,ASHBUI,168.53,170.67,166.63,169.37,151315,
2017-12-27 12:12:00,ASHBUI,170.0,170.0,164.5,165.83,112669,
2017-12-28 12:12:00,ASHBUI,165.47,168.0,161.4,162.7,158873,
2017-12-29 12:12:00,ASHBUI,163.37,168.0,162.13,163.1,178248,
2018-01-01 12:01:00,ASHBUI,163.33,167.2,161.37,163.97,203618,
2018-01-02 12:01:00,ASHBUI,164.97,166.03,160.7,162.23,117356,
2018-01-03 12:01:00,ASHBUI,164.67,168.0,163.1,167.27,330623,
2018-01-04 12:01:00,ASHBUI,168.53,168.53,163.47,166.77,117659,
2018-01-05 12:01:00,ASHBUI,166.8,168.97,164.67,167.93,224290,
2018-01-08 12:01:00,ASHBUI,166.8,169.33,165.5,166.47,345927,
2018-01-09 12:01:00,ASHBUI,166.67,167.67,162.0,162.97,72384,
2018-01-10 12:01:00,ASHBUI,162.73,164.67,161.03,163.1,74027,
2018-01-11 12:01:00,ASHBUI,162.67,164.67,161.97,162.8,120511,
2018-01-12 12:01:00,ASHBUI,164.5,164.53,159.53,161.07,88864,
2018-01-15 12:01:00,ASHBUI,160.67,163.33,158.67,159.87,255373,
2018-01-16 12:01:00,ASHBUI,159.67,161.97,156.67,157.33,163564,
2018-01-17 12:01:00,ASHBUI,157.33,158.57,151.0,151.83,648335,
2018-01-18 12:01:00,ASHBUI,154.0,158.9,152.0,153.43,523536,
2018-01-19 12:01:00,ASHBUI,153.33,154.0,150.0,151.87,88039,
2018-01-22 12:01:00,ASHBUI,151.37,155.83,151.37,154.33,703400,
2018-01-23 12:01:00,ASHBUI,156.4,156.9,153.33,154.4,47454,
2018-01-24 12:01:00,ASHBUI,154.2,162.53,151.67,159.37,223825,
2018-01-25 12:01:00,ASHBUI,161.67,161.67,154.73,156.43,41744,
2018-01-29 12:01:00,ASHBUI,158.67,160.0,148.73,152.7,161448,
2018-01-30 12:01:00,ASHBUI,150.13,155.2,146.67,148.97,205876,
2018-01-31 12:01:00,ASHBUI,149.23,153.3,148.13,151.33,244219,
2018-02-01 12:02:00,ASHBUI,154.67,155.97,150.73,153.33,500813,
2018-02-02 12:02:00,ASHBUI,152.0,152.53,146.67,148.6,172846,
2018-02-05 12:02:00,ASHBUI,145.47,146.33,139.93,145.87,163986,
2018-02-06 12:02:00,ASHBUI,138.67,145.83,137.43,141.43,152127,
2018-02-07 12:02:00,ASHBUI,144.47,154.67,143.6,150.3,185083,
2018-02-08 12:02:00,ASHBUI,150.0,160.67,150.0,158.9,209808,
2018-02-09 12:02:00,ASHBUI,152.0,164.67,152.0,163.47,436308,
2018-02-12 12:02:00,ASHBUI,165.2,167.33,161.0,164.53,377015,
2018-02-14 12:02:00,ASHBUI,162.27,163.3,157.87,158.73,82275,
2018-02-15 12:02:00,ASHBUI,160.67,160.67,152.07,152.87,126382,
2018-02-16 12:02:00,ASHBUI,153.77,155.27,146.73,148.13,129678,
2018-02-19 12:02:00,ASHBUI,147.33,150.33,144.03,146.43,78912,
2018-02-20 12:02:00,ASHBUI,145.67,150.67,145.67,148.43,46754,
2018-02-21 12:02:00,ASHBUI,149.77,149.77,146.0,147.07,49300,
2018-02-22 12:02:00,ASHBUI,146.67,147.87,145.33,146.4,29867,
2018-02-23 12:02:00,ASHBUI,146.33,149.7,146.33,147.87,110803,
2018-02-26 12:02:00,ASHBUI,149.93,150.03,148.0,148.53,71460,
2018-02-27 12:02:00,ASHBUI,149.8,149.97,146.87,147.9,90781,
2018-02-28 12:02:00,ASHBUI,147.07,149.87,144.43,146.0,79807,
2018-03-01 12:03:00,ASHBUI,150.67,157.07,148.33,150.23,1047709,
2018-03-05 12:03:00,ASHBUI,149.07,150.0,147.6,148.37,152879,
2018-03-06 12:03:00,ASHBUI,149.87,152.63,148.37,150.23,146183,
2018-03-07 12:03:00,ASHBUI,153.33,154.53,150.47,151.7,949856,
2018-03-08 12:03:00,ASHBUI,152.4,153.33,148.0,152.1,779052,
2018-03-09 12:03:00,ASHBUI,153.67,155.8,150.33,150.8,594632,
2018-03-12 12:03:00,ASHBUI,152.2,152.53,149.1,151.13,84577,
2018-03-13 12:03:00,ASHBUI,153.33,154.6,151.13,153.37,604708,
2018-03-14 12:03:00,ASHBUI,151.7,153.63,148.0,150.2,176117,
2018-03-15 12:03:00,ASHBUI,151.27,154.97,149.47,151.93,589293,
2018-03-16 12:03:00,ASHBUI,153.53,153.77,149.8,150.7,160138,
2018-03-19 12:03:00,ASHBUI,155.27,155.27,150.73,153.27,372677,
2018-03-20 12:03:00,ASHBUI,153.1,156.13,150.17,154.93,239937,
2018-03-21 12:03:00,ASHBUI,160.0,175.47,157.37,164.43,2302703,
2018-03-22 12:03:00,ASHBUI,167.2,167.77,162.23,163.37,334274,
2018-03-23 12:03:00,ASHBUI,160.0,160.0,156.67,159.57,128372,
2018-03-26 12:03:00,ASHBUI,159.67,164.23,159.67,162.87,192807,
2018-03-27 12:03:00,ASHBUI,164.67,166.67,161.67,163.3,140025,
2018-03-28 12:03:00,ASHBUI,162.67,166.6,160.7,165.63,969251,
2018-04-02 12:04:00,ASHBUI,166.67,176.33,166.67,170.77,418566,
2018-04-03 12:04:00,ASHBUI,169.33,188.0,165.43,175.63,1166611,
2018-04-04 12:04:00,ASHBUI,176.0,179.33,170.67,173.33,399733,
2018-04-05 12:04:00,ASHBUI,176.0,176.63,173.33,174.77,347340,
2018-04-06 12:04:00,ASHBUI,175.97,176.87,173.4,174.5,182391,
2018-04-09 12:04:00,ASHBUI,174.0,176.9,173.43,174.33,224466,
2018-04-10 12:04:00,ASHBUI,174.73,176.73,172.27,173.6,274442,
2018-04-11 12:04:00,ASHBUI,173.43,181.4,171.53,179.83,592300,
2018-04-12 12:04:00,ASHBUI,180.03,180.47,174.47,177.2,709392,
2018-04-13 12:04:00,ASHBUI,178.0,179.33,176.07,176.93,448174,
2018-04-16 12:04:00,ASHBUI,174.07,176.7,174.0,176.47,665819,
2018-04-17 12:04:00,ASHBUI,177.33,179.33,175.37,176.37,391282,
2018-04-18 12:04:00,ASHBUI,177.77,179.4,176.13,178.03,464400,
2018-04-19 12:04:00,ASHBUI,179.23,183.13,176.8,182.17,355645,
2018-04-20 12:04:00,ASHBUI,181.67,182.77,177.33,177.93,145325,
2018-04-23 12:04:00,ASHBUI,178.07,178.97,175.67,176.93,61816,
2018-04-24 12:04:00,ASHBUI,177.6,182.67,176.4,181.17,198837,
2018-04-25 12:04:00,ASHBUI,181.53,182.03,178.67,180.3,176818,
2018-04-26 12:04:00,ASHBUI,180.67,186.47,178.73,180.8,483588,
2018-04-27 12:04:00,ASHBUI,180.8,186.4,180.8,184.73,144272,
2018-04-30 12:04:00,ASHBUI,185.83,196.53,184.73,189.5,455890,
2018-05-02 12:05:00,ASHBUI,189.93,190.97,183.33,189.13,124594,
2018-05-03 12:05:00,ASHBUI,188.67,190.67,183.43,188.03,98318,
2018-05-04 12:05:00,ASHBUI,189.87,193.33,186.43,187.6,205029,
2018-05-07 12:05:00,ASHBUI,189.67,190.0,186.67,187.9,71977,
2018-05-08 12:05:00,ASHBUI,188.5,189.97,186.2,187.7,301800,
2018-05-09 12:05:00,ASHBUI,187.33,187.33,180.2,181.83,191694,
2018-05-10 12:05:00,ASHBUI,185.33,187.83,180.67,181.53,186655,
2018-05-11 12:05:00,ASHBUI,181.47,182.5,178.0,180.87,70094,
2018-05-14 12:05:00,ASHBUI,182.47,185.8,178.03,178.7,296748,
2018-05-15 12:05:00,ASHBUI,178.77,180.53,170.17,176.63,428568,
2018-05-16 12:05:00,ASHBUI,174.67,179.33,171.23,178.5,115564,
2018-05-17 12:05:00,ASHBUI,179.3,181.07,176.0,177.2,66745,
2018-05-18 12:05:00,ASHBUI,177.37,178.67,173.7,175.73,269103,
2018-05-21 12:05:00,ASHBUI,175.37,176.63,160.63,162.57,138134,
2018-05-22 12:05:00,ASHBUI,162.57,168.53,160.73,167.8,103724,
2018-05-23 12:05:00,ASHBUI,167.97,171.33,165.73,166.67,171992,
2018-05-24 12:05:00,ASHBUI,167.1,172.67,167.1,170.5,148457,
2018-05-25 12:05:00,ASHBUI,171.93,177.33,171.33,172.47,200638,
2018-05-28 12:05:00,ASHBUI,174.47,177.23,171.43,175.77,152539,
2018-05-29 12:05:00,ASHBUI,176.33,182.07,172.2,173.13,218426,
2018-05-30 12:05:00,ASHBUI,174.67,174.67,168.23,169.13,530536,
2018-05-31 12:05:00,ASHBUI,170.5,175.07,161.33,163.33,467448,
2018-06-01 12:06:00,ASHBUI,163.33,165.03,157.03,159.13,145099,
2018-06-04 12:06:00,ASHBUI,160.0,160.0,154.67,158.0,78519,
2018-06-05 12:06:00,ASHBUI,156.7,157.3,150.0,153.2,129335,
2018-06-06 12:06:00,ASHBUI,152.67,156.63,150.0,152.6,132203,
2018-06-07 12:06:00,ASHBUI,155.87,161.33,154.03,158.03,144820,
2018-06-08 12:06:00,ASHBUI,158.57,162.6,156.47,159.27,241956,
2018-06-11 12:06:00,ASHBUI,160.0,160.53,155.1,156.9,146738,
2018-06-12 12:06:00,ASHBUI,155.6,159.9,154.8,158.27,134057,
2018-06-13 12:06:00,ASHBUI,157.6,164.57,156.8,162.27,63526,
2018-06-14 12:06:00,ASHBUI,162.6,162.6,159.37,160.07,50943,
2018-06-15 12:06:00,ASHBUI,159.33,160.47,156.73,157.27,26838,
2018-06-18 12:06:00,ASHBUI,157.03,157.8,153.83,154.67,39453,
2018-06-19 12:06:00,ASHBUI,154.47,154.47,148.77,149.97,109012,
2018-06-20 12:06:00,ASHBUI,150.4,152.0,146.83,147.87,75666,
2018-06-21 12:06:00,ASHBUI,148.53,151.27,147.37,149.8,126542,
2018-06-22 12:06:00,ASHBUI,149.53,153.33,148.4,151.87,82501,
2018-06-25 12:06:00,ASHBUI,151.87,151.87,148.0,151.03,39072,
2018-06-26 12:06:00,ASHBUI,150.67,152.67,148.7,151.97,177618,
2018-06-27 12:06:00,ASHBUI,152.4,153.33,145.2,151.77,114713,
2018-06-28 12:06:00,ASHBUI,150.33,151.33,138.7,141.9,243804,
2018-06-29 12:06:00,ASHBUI,142.67,153.27,142.67,152.37,156662,
2018-07-02 12:07:00,ASHBUI,152.37,153.3,148.03,151.17,33906,
2018-07-03 12:07:00,ASHBUI,151.93,156.0,149.67,154.4,126864,
2018-07-04 12:07:00,ASHBUI,155.67,159.0,150.97,152.0,146582,
2018-07-05 12:07:00,ASHBUI,152.47,157.33,148.4,155.03,83426,
2018-07-06 12:07:00,ASHBUI,152.77,157.3,151.37,153.53,99898,
2018-07-09 12:07:00,ASHBUI,153.93,159.93,150.0,159.27,326915,
2018-07-10 12:07:00,ASHBUI,160.87,161.5,158.03,160.57,239529,
2018-07-11 12:07:00,ASHBUI,161.27,161.27,158.0,159.97,64205,
2018-07-12 12:07:00,ASHBUI,169.4,189.4,161.25,164.45,1067961,
2018-07-13 12:07:00,ASHBUI,165.0,165.95,157.0,160.0,173078,
2018-07-16 12:07:00,ASHBUI,159.8,159.8,152.9,153.2,218402,
2018-07-17 12:07:00,ASHBUI,153.0,157.75,150.15,152.05,73507,
2018-07-18 12:07:00,ASHBUI,154.45,155.1,142.35,145.75,149495,
2018-07-19 12:07:00,ASHBUI,146.8,154.0,141.05,148.8,213555,
2018-07-20 12:07:00,ASHBUI,150.0,150.0,141.8,144.0,108583,
2018-07-23 12:07:00,ASHBUI,144.1,149.9,142.65,147.1,84571,
2018-07-24 12:07:00,ASHBUI,147.8,150.0,145.25,146.95,97245,
2018-07-25 12:07:00,ASHBUI,147.85,150.0,144.4,148.35,82304,
2018-07-26 12:07:00,ASHBUI,148.1,151.0,145.05,146.25,74235,
2018-07-27 12:07:00,ASHBUI,150.0,152.0,147.55,148.95,362577,
2018-07-30 12:07:00,ASHBUI,150.0,152.55,149.5,151.0,563940,
2018-07-31 12:07:00,ASHBUI,152.9,155.0,147.0,147.8,181782,
2018-08-01 12:08:00,ASHBUI,148.1,150.45,145.35,146.15,89329,
2018-08-02 12:08:00,ASHBUI,146.85,148.1,145.05,145.85,69269,
2018-08-03 12:08:00,ASHBUI,146.2,149.5,145.15,145.85,62991,
2018-08-06 12:08:00,ASHBUI,146.9,150.0,146.05,147.55,168229,
2018-08-07 12:08:00,ASHBUI,148.4,149.8,146.0,147.8,109373,
2018-08-08 12:08:00,ASHBUI,147.55,148.9,145.2,145.85,44713,
2018-08-09 12:08:00,ASHBUI,145.0,149.95,143.8,144.4,72569,
2018-08-10 12:08:00,ASHBUI,145.4,147.0,144.5,145.3,39924,
2018-08-13 12:08:00,ASHBUI,144.8,147.0,139.25,140.85,83723,
2018-08-14 12:08:00,ASHBUI,139.1,139.95,132.15,138.4,196639,
2018-08-16 12:08:00,ASHBUI,136.5,138.0,134.5,135.05,59991,
2018-08-17 12:08:00,ASHBUI,137.85,143.75,136.0,143.0,148992,
2018-08-20 12:08:00,ASHBUI,144.4,147.0,144.0,144.45,122595,
2018-08-21 12:08:00,ASHBUI,144.5,145.4,141.0,141.55,300062,
2018-08-23 12:08:00,ASHBUI,142.65,144.0,139.7,141.05,111723,
2018-08-24 12:08:00,ASHBUI,140.75,142.2,137.0,138.05,74856,
2018-08-27 12:08:00,ASHBUI,139.7,142.85,138.7,141.85,92349,
2018-08-28 12:08:00,ASHBUI,142.85,142.85,136.65,137.45,105289,
2018-08-29 12:08:00,ASHBUI,137.7,140.25,136.3,137.2,80855,
2018-08-30 12:08:00,ASHBUI,138.8,139.0,136.05,137.7,43561,
2018-08-31 12:08:00,ASHBUI,138.5,140.2,136.55,138.25,64380,
2018-09-03 12:09:00,ASHBUI,138.1,140.4,133.0,139.35,292661,
2018-09-04 12:09:00,ASHBUI,140.0,140.0,133.0,133.95,709264,
2018-09-05 12:09:00,ASHBUI,134.75,136.0,131.45,134.6,332918,
2018-09-06 12:09:00,ASHBUI,136.9,136.9,133.0,133.55,146012,
2018-09-07 12:09:00,ASHBUI,133.95,138.9,132.0,136.85,143675,
2018-09-10 12:09:00,ASHBUI,136.8,138.7,132.0,136.05,169161,
2018-09-11 12:09:00,ASHBUI,135.9,135.9,129.15,130.65,336862,
2018-09-12 12:09:00,ASHBUI,130.7,133.45,126.85,128.9,253389,
2018-09-14 12:09:00,ASHBUI,130.0,130.1,119.15,122.3,828030,
2018-09-17 12:09:00,ASHBUI,122.45,123.7,112.85,115.65,725513,
2018-09-18 12:09:00,ASHBUI,115.6,121.55,113.3,116.05,943284,
2018-09-19 12:09:00,ASHBUI,116.8,119.8,116.25,117.3,197816,
2018-09-21 12:09:00,ASHBUI,117.6,119.0,111.0,113.05,639916,
2018-09-24 12:09:00,ASHBUI,111.25,115.45,109.2,113.1,411672,
2018-09-25 12:09:00,ASHBUI,115.35,119.55,108.3,116.8,297968,
2018-09-26 12:09:00,ASHBUI,120.0,120.0,111.1,113.9,307034,
2018-09-27 12:09:00,ASHBUI,114.2,114.45,110.0,110.3,219817,
2018-09-28 12:09:00,ASHBUI,111.9,112.4,93.45,104.35,1108144,
2018-10-01 12:10:00,ASHBUI,106.0,110.0,95.0,106.6,233634,
2018-10-03 12:10:00,ASHBUI,109.75,112.95,107.0,110.85,301007,
2018-10-04 12:10:00,ASHBUI,108.8,109.3,105.35,107.0,234684,
2018-10-05 12:10:00,ASHBUI,107.95,108.95,94.6,103.5,741869,
2018-10-08 12:10:00,ASHBUI,104.0,106.0,96.6,97.55,360905,
2018-10-09 12:10:00,ASHBUI,100.9,112.0,97.05,106.55,338593,
2018-10-10 12:10:00,ASHBUI,108.0,112.0,105.15,107.5,1184253,
2018-10-11 12:10:00,ASHBUI,102.95,109.9,102.0,108.95,239331,
2018-10-12 12:10:00,ASHBUI,109.0,117.0,108.95,115.35,645717,
2018-10-15 12:10:00,ASHBUI,115.35,119.0,112.0,115.9,132515,
2018-10-16 12:10:00,ASHBUI,116.95,119.35,115.0,116.2,96081,
2018-10-17 12:10:00,ASHBUI,117.9,117.95,113.0,113.95,352767,
2018-10-19 12:10:00,ASHBUI,112.9,113.95,108.0,112.55,78411,
2018-10-22 12:10:00,ASHBUI,115.0,115.0,105.5,110.15,116612,
2018-10-23 12:10:00,ASHBUI,108.0,111.8,106.0,110.55,115123,
2018-10-24 12:10:00,ASHBUI,111.1,113.0,107.45,110.75,83924,
2018-10-25 12:10:00,ASHBUI,110.0,113.45,105.35,112.6,617951,
2018-10-26 12:10:00,ASHBUI,112.0,112.1,107.3,108.95,59920,
2018-10-29 12:10:00,ASHBUI,107.0,109.05,106.3,107.9,91921,
2018-10-30 12:10:00,ASHBUI,107.0,112.5,106.5,110.7,100230,
2018-10-31 12:10:00,ASHBUI,110.0,114.85,108.05,113.8,86742,
2018-11-01 12:11:00,ASHBUI,113.85,117.7,113.85,116.55,139815,
2018-11-02 12:11:00,ASHBUI,117.5,122.7,117.4,118.65,159203,
2018-11-05 12:11:00,ASHBUI,120.0,126.9,119.0,120.55,448273,
2018-11-06 12:11:00,ASHBUI,121.55,124.25,117.25,123.1,111833,
2018-11-07 12:11:00,ASHBUI,124.4,124.4,115.0,123.05,28341,
2018-11-09 12:11:00,ASHBUI,124.05,124.7,120.1,122.25,89652,
2018-11-12 12:11:00,ASHBUI,122.3,124.9,119.3,122.95,108488,
2018-11-13 12:11:00,ASHBUI,121.0,138.0,121.0,132.95,1385567,
2018-11-14 12:11:00,ASHBUI,133.0,134.0,127.3,128.6,223818,
2018-11-15 12:11:00,ASHBUI,129.3,129.4,124.5,125.25,90362,
2018-11-16 12:11:00,ASHBUI,125.5,127.35,122.1,126.15,115431,
2018-11-19 12:11:00,ASHBUI,126.15,127.7,125.15,127.1,60623,
2018-11-20 12:11:00,ASHBUI,127.0,127.0,124.7,125.1,135504,
2018-11-21 12:11:00,ASHBUI,123.05,127.3,123.05,125.2,55374,
2018-11-22 12:11:00,ASHBUI,125.3,128.3,124.5,125.55,1274348,
2018-11-26 12:11:00,ASHBUI,125.65,126.25,124.6,125.1,96370,
2018-11-27 12:11:00,ASHBUI,124.35,127.85,123.5,125.15,124890,
2018-11-28 12:11:00,ASHBUI,123.3,127.85,123.3,127.1,223019,
2018-11-29 12:11:00,ASHBUI,127.1,137.0,125.3,133.0,970100,
2018-11-30 12:11:00,ASHBUI,131.05,133.45,128.0,130.6,517728,
2018-12-03 12:12:00,ASHBUI,129.05,132.35,128.05,128.65,44303,
2018-12-04 12:12:00,ASHBUI,128.05,130.5,128.0,128.95,238152,
2018-12-05 12:12:00,ASHBUI,130.75,130.75,123.3,124.85,100447,
2018-12-06 12:12:00,ASHBUI,123.0,123.0,118.95,120.55,131322,
2018-12-07 12:12:00,ASHBUI,118.6,124.0,118.25,119.55,59904,
2018-12-10 12:12:00,ASHBUI,119.5,132.85,119.5,125.05,1489289,
2018-12-11 12:12:00,ASHBUI,125.05,128.25,123.35,126.8,743587,
2018-12-12 12:12:00,ASHBUI,128.25,131.0,127.85,130.3,176856,
2018-12-13 12:12:00,ASHBUI,132.8,134.95,130.05,130.85,224842,
2018-12-14 12:12:00,ASHBUI,130.9,131.2,127.6,128.15,288382,
2018-12-17 12:12:00,ASHBUI,127.75,129.85,127.0,127.6,413478,
2018-12-18 12:12:00,ASHBUI,134.35,137.95,130.8,131.6,1029211,
2018-12-19 12:12:00,ASHBUI,132.65,136.0,130.4,134.75,368945,
2018-12-20 12:12:00,ASHBUI,133.0,134.4,130.35,130.85,132609,
2018-12-21 12:12:00,ASHBUI,131.7,131.75,125.0,125.95,116232,
2018-12-24 12:12:00,ASHBUI,124.5,128.5,123.6,124.65,70389,
2018-12-26 12:12:00,ASHBUI,124.7,126.0,122.0,122.95,58158,
2018-12-27 12:12:00,ASHBUI,123.25,128.0,123.25,124.05,118943,
2018-12-28 12:12:00,ASHBUI,126.0,127.0,124.0,125.0,57294,
2018-12-31 12:12:00,ASHBUI,125.0,126.7,123.5,124.4,46569,
2019-01-01 12:01:00,ASHBUI,126.5,126.5,123.7,124.95,68820,
2019-01-02 12:01:00,ASHBUI,124.95,125.85,122.4,123.4,51243,
2019-01-03 12:01:00,ASHBUI,124.0,124.75,123.5,124.1,152304,
2019-01-04 12:01:00,ASHBUI,124.1,127.5,123.7,126.4,278063,
2019-01-07 12:01:00,ASHBUI,127.2,128.6,125.9,127.05,43369,
2019-01-08 12:01:00,ASHBUI,127.15,136.95,126.5,135.25,351325,
2019-01-09 12:01:00,ASHBUI,136.5,136.95,132.05,134.25,120832,
2019-01-10 12:01:00,ASHBUI,133.15,135.15,128.75,133.4,345412,
2019-01-11 12:01:00,ASHBUI,135.4,135.4,128.05,130.7,95270,
2019-01-14 12:01:00,ASHBUI,132.15,137.0,130.0,130.75,40582,
2019-01-15 12:01:00,ASHBUI,131.95,135.9,130.4,135.0,125737,
2019-01-16 12:01:00,ASHBUI,134.85,140.0,129.0,130.75,346565,
2019-01-17 12:01:00,ASHBUI,132.55,136.9,132.5,135.0,310264,
2019-01-18 12:01:00,ASHBUI,135.0,135.5,131.65,133.75,42260,
2019-01-21 12:01:00,ASHBUI,134.0,134.0,129.1,130.25,96221,
2019-01-22 12:01:00,ASHBUI,128.3,129.6,124.0,124.6,95168,
2019-01-23 12:01:00,ASHBUI,125.45,126.0,123.05,123.55,61953,
2019-01-24 12:01:00,ASHBUI,123.5,123.9,120.0,120.95,60196,
2019-01-25 12:01:00,ASHBUI,121.7,125.0,121.05,123.55,48586,
2019-01-28 12:01:00,ASHBUI,123.55,123.55,118.1,118.75,81695,
2019-01-29 12:01:00,ASHBUI,119.0,122.45,118.0,120.8,52434,
2019-01-30 12:01:00,ASHBUI,122.95,123.5,121.0,121.85,79334,
2019-01-31 12:01:00,ASHBUI,126.85,127.5,118.0,119.7,198591,
2019-02-01 12:02:00,ASHBUI,120.05,123.45,120.05,121.15,166368,
2019-02-04 12:02:00,ASHBUI,123.35,123.35,118.25,119.2,263770,
2019-02-05 12:02:00,ASHBUI,120.0,120.9,116.1,117.3,82958,
2019-02-06 12:02:00,ASHBUI,116.15,118.1,116.05,116.95,59835,
2019-02-07 12:02:00,ASHBUI,117.15,119.65,116.35,117.2,50056,
2019-02-08 12:02:00,ASHBUI,116.5,117.45,114.0,114.6,46801,
2019-02-11 12:02:00,ASHBUI,114.6,114.9,112.0,112.6,39652,
2019-02-12 12:02:00,ASHBUI,112.5,113.25,110.3,111.1,30160,
2019-02-13 12:02:00,ASHBUI,110.0,114.05,110.0,110.8,67031,
2019-02-14 12:02:00,ASHBUI,110.8,112.6,110.55,111.8,57313,
2019-02-15 12:02:00,ASHBUI,112.5,114.9,110.0,112.25,54003,
2019-02-18 12:02:00,ASHBUI,113.0,114.4,107.25,109.8,45919,
2019-02-19 12:02:00,ASHBUI,109.6,112.25,106.7,109.1,93302,
2019-02-20 12:02:00,ASHBUI,108.55,112.9,107.65,111.95,78580,
2019-02-21 12:02:00,ASHBUI,111.1,124.25,109.8,121.2,657685,
2019-02-22 12:02:00,ASHBUI,121.4,125.4,120.2,123.45,392791,
2019-02-25 12:02:00,ASHBUI,124.0,124.0,117.5,119.05,108976,
2019-02-26 12:02:00,ASHBUI,117.75,117.75,112.6,116.4,68457,
2019-02-27 12:02:00,ASHBUI,118.6,120.2,114.0,114.45,395937,
2019-02-28 12:02:00,ASHBUI,113.2,119.7,113.2,118.5,378883,
2019-03-01 12:03:00,ASHBUI,120.0,122.4,118.6,121.2,1262787,
2019-03-05 12:03:00,ASHBUI,121.3,132.0,121.0,129.55,970675,
2019-03-06 12:03:00,ASHBUI,130.8,141.7,130.15,137.55,1462862,
2019-03-07 12:03:00,ASHBUI,138.4,138.7,133.05,134.45,594780,
2019-03-08 12:03:00,ASHBUI,132.25,136.35,131.5,133.95,343515,
2019-03-11 12:03:00,ASHBUI,134.9,139.0,133.85,137.35,792797,
2019-03-12 12:03:00,ASHBUI,139.4,150.0,138.95,141.2,986400,
2019-03-13 12:03:00,ASHBUI,141.25,142.0,136.0,140.15,151382,
2019-03-14 12:03:00,ASHBUI,139.35,141.55,136.85,139.3,117623,
2019-03-15 12:03:00,ASHBUI,138.15,140.2,136.0,137.45,428070,
2019-03-18 12:03:00,ASHBUI,137.5,139.9,135.95,137.85,371724,
2019-03-19 12:03:00,ASHBUI,138.5,139.5,133.55,134.05,245254,
2019-03-20 12:03:00,ASHBUI,134.3,135.45,128.0,128.85,505253,
2019-03-22 12:03:00,ASHBUI,129.0,132.0,127.5,129.15,524177,
2019-03-25 12:03:00,ASHBUI,128.0,128.5,123.05,123.95,492603,
2019-03-26 12:03:00,ASHBUI,124.55,126.15,124.55,125.85,209084,
2019-03-27 12:03:00,ASHBUI,127.0,131.65,124.55,130.95,473263,
2019-03-28 12:03:00,ASHBUI,132.0,132.9,128.55,129.8,268966,
2019-03-29 12:03:00,ASHBUI,131.8,132.5,126.25,126.9,191373,
2019-04-01 12:04:00,ASHBUI,128.3,131.0,127.5,130.2,224989,
2019-04-02 12:04:00,ASHBUI,130.95,135.25,130.35,133.0,263761,
2019-04-03 12:04:00,ASHBUI,132.0,135.9,132.0,133.1,198331,
2019-04-04 12:04:00,ASHBUI,132.0,132.9,126.0,127.8,231750,
2019-04-05 12:04:00,ASHBUI,128.7,137.0,128.1,134.45,678869,
2019-04-08 12:04:00,ASHBUI,134.5,136.7,131.1,132.85,184574,
2019-04-09 12:04:00,ASHBUI,132.8,133.6,130.0,131.4,91506,
2019-04-10 12:04:00,ASHBUI,130.5,132.5,129.0,129.35,92150,
2019-04-11 12:04:00,ASHBUI,129.9,131.5,128.4,129.25,85796,
2019-04-12 12:04:00,ASHBUI,130.0,131.55,129.5,130.9,86979,
2019-04-15 12:04:00,ASHBUI,131.8,132.0,129.5,130.0,73828,
2019-04-16 12:04:00,ASHBUI,130.0,133.3,130.0,131.1,84474,
2019-04-18 12:04:00,ASHBUI,134.8,135.0,130.2,131.65,199838,
2019-04-22 12:04:00,ASHBUI,132.55,132.55,127.1,128.05,81028,
2019-04-23 12:04:00,ASHBUI,128.0,129.6,124.5,127.85,51389,
2019-04-24 12:04:00,ASHBUI,129.0,130.45,128.2,129.8,117130,
2019-04-25 12:04:00,ASHBUI,130.9,130.9,128.55,129.05,32973,
2019-04-26 12:04:00,ASHBUI,129.05,129.8,127.05,127.6,50536,
2019-04-30 12:04:00,ASHBUI,126.15,127.45,123.5,124.2,74493,
2019-05-02 12:05:00,ASHBUI,124.2,124.25,120.1,120.7,79144,
2019-05-03 12:05:00,ASHBUI,120.7,121.0,118.65,119.25,56830,
2019-05-06 12:05:00,ASHBUI,117.5,118.35,115.75,116.05,43555,
2019-05-07 12:05:00,ASHBUI,118.0,124.15,117.45,118.1,68586,
2019-05-08 12:05:00,ASHBUI,117.0,120.45,115.0,115.45,67803,
2019-05-09 12:05:00,ASHBUI,115.45,117.0,114.8,115.3,33182,
2019-05-10 12:05:00,ASHBUI,115.5,118.0,114.35,117.45,43958,
2019-05-13 12:05:00,ASHBUI,117.95,119.7,116.75,117.15,46832,
2019-05-14 12:05:00,ASHBUI,117.15,117.95,115.35,117.0,38332,
2019-05-15 12:05:00,ASHBUI,117.55,119.05,114.75,115.2,32842,
2019-05-16 12:05:00,ASHBUI,115.2,115.35,110.05,111.6,103291,
2019-05-17 12:05:00,ASHBUI,113.0,115.1,110.4,114.3,194960,
2019-05-20 12:05:00,ASHBUI,119.0,134.9,118.95,120.85,1820109,
2019-05-21 12:05:00,ASHBUI,122.0,122.1,118.05,121.1,442985,
2019-05-22 12:05:00,ASHBUI,121.8,121.8,119.1,119.7,146848,
2019-05-23 12:05:00,ASHBUI,121.1,126.9,120.2,121.7,1991619,
2019-05-24 12:05:00,ASHBUI,122.55,130.85,122.55,127.95,721310,
2019-05-27 12:05:00,ASHBUI,129.6,146.9,129.5,145.05,1600481,
2019-05-28 12:05:00,ASHBUI,146.0,149.8,142.05,144.15,888283,
2019-05-29 12:05:00,ASHBUI,144.95,154.85,140.55,149.3,732154,
2019-05-30 12:05:00,ASHBUI,153.3,155.0,145.25,146.75,738496,
2019-05-31 12:05:00,ASHBUI,148.7,150.8,142.05,142.85,760698,
2019-06-03 12:06:00,ASHBUI,144.0,148.45,142.0,146.95,194022,
2019-06-04 12:06:00,ASHBUI,146.4,147.25,142.0,144.95,184334,
2019-06-06 12:06:00,ASHBUI,146.0,146.0,142.1,143.2,172442,
2019-06-07 12:06:00,ASHBUI,143.05,143.95,140.6,142.65,102518,
2019-06-10 12:06:00,ASHBUI,145.7,145.7,138.25,140.15,125660,
2019-06-11 12:06:00,ASHBUI,140.15,142.55,134.3,139.55,1163757,
2019-06-12 12:06:00,ASHBUI,141.9,143.5,138.5,139.2,82498,
2019-06-13 12:06:00,ASHBUI,138.0,143.45,135.95,141.55,189426,
2019-06-14 12:06:00,ASHBUI,142.5,142.5,138.0,140.05,125277,
2019-06-17 12:06:00,ASHBUI,139.0,139.7,136.5,137.05,170032,
2019-06-18 12:06:00,ASHBUI,136.05,145.8,136.05,139.85,264047,
2019-06-19 12:06:00,ASHBUI,141.5,141.5,132.65,134.15,228450,
2019-06-20 12:06:00,ASHBUI,133.45,137.9,133.0,136.95,101694,
2019-06-21 12:06:00,ASHBUI,136.2,136.55,134.35,135.45,91344,
2019-06-24 12:06:00,ASHBUI,134.0,137.0,132.5,133.65,132233,
2019-06-25 12:06:00,ASHBUI,133.0,135.2,131.5,133.7,78690,
2019-06-26 12:06:00,ASHBUI,135.0,140.35,133.85,138.3,163450,
2019-06-27 12:06:00,ASHBUI,140.45,142.0,138.95,140.6,150271,
2019-06-28 12:06:00,ASHBUI,141.7,142.3,138.5,140.65,118929,
2019-07-01 12:07:00,ASHBUI,141.1,150.4,140.0,145.5,1276623,
2019-07-02 12:07:00,ASHBUI,146.5,147.85,145.05,146.95,248558,
2019-07-03 12:07:00,ASHBUI,147.05,147.05,142.25,144.65,209716,
2019-07-04 12:07:00,ASHBUI,145.95,147.95,144.0,145.75,155960,
2019-07-05 12:07:00,ASHBUI,146.85,148.15,139.45,141.25,279364,
2019-07-08 12:07:00,ASHBUI,140.15,142.4,125.0,132.3,399894,
2019-07-09 12:07:00,ASHBUI,132.65,138.95,129.15,134.8,148336,
2019-07-10 12:07:00,ASHBUI,134.9,136.5,132.5,133.2,72843,
2019-07-11 12:07:00,ASHBUI,135.0,135.4,128.65,129.8,151654,
2019-07-12 12:07:00,ASHBUI,130.0,133.15,129.95,131.4,150571,
2019-07-15 12:07:00,ASHBUI,132.5,133.2,126.7,128.3,102226,
2019-07-16 12:07:00,ASHBUI,128.0,128.3,124.0,125.0,385631,
2019-07-17 12:07:00,ASHBUI,126.2,127.6,124.5,127.05,112428,
2019-07-18 12:07:00,ASHBUI,128.0,129.0,123.05,126.9,379947,
2019-07-19 12:07:00,ASHBUI,127.5,127.5,121.55,122.4,126106,
2019-07-22 12:07:00,ASHBUI,120.5,122.0,117.6,120.0,99698,
2019-07-23 12:07:00,ASHBUI,120.2,122.4,117.2,119.05,117007,
2019-07-24 12:07:00,ASHBUI,119.05,121.7,113.9,119.9,1232246,
2019-07-25 12:07:00,ASHBUI,118.55,121.1,117.0,120.1,262630,
2019-07-26 12:07:00,ASHBUI,118.4,122.0,117.5,121.05,249834,
2019-07-29 12:07:00,ASHBUI,120.55,123.8,119.0,120.3,37069,
2019-07-30 12:07:00,ASHBUI,120.3,124.6,118.25,119.25,1029529,
2019-07-31 12:07:00,ASHBUI,119.1,121.8,111.6,120.9,361587,
2019-08-01 12:08:00,ASHBUI,117.25,121.95,116.25,119.35,254802,
2019-08-02 12:08:00,ASHBUI,117.0,123.65,115.2,122.55,135927,
2019-08-05 12:08:00,ASHBUI,119.8,125.85,115.6,123.5,144579,
2019-08-06 12:08:00,ASHBUI,121.5,124.25,119.25,120.6,81737,
2019-08-07 12:08:00,ASHBUI,119.05,128.5,119.05,126.95,173951,
2019-08-08 12:08:00,ASHBUI,126.0,128.8,119.5,124.45,148845,
2019-08-09 12:08:00,ASHBUI,125.05,125.95,116.6,119.8,296023,
2019-08-13 12:08:00,ASHBUI,120.05,122.0,116.35,119.95,127940,
2019-08-14 12:08:00,ASHBUI,123.0,123.8,117.1,119.95,277751,
2019-08-16 12:08:00,ASHBUI,119.0,119.35,117.05,118.35,94272,
2019-08-19 12:08:00,ASHBUI,118.0,119.0,117.15,117.75,113570,
2019-08-20 12:08:00,ASHBUI,117.85,118.7,115.0,118.4,151218,
2019-08-21 12:08:00,ASHBUI,117.35,119.85,116.6,117.45,147779,
2019-08-22 12:08:00,ASHBUI,117.45,117.45,109.15,112.95,173555,
2019-08-23 12:08:00,ASHBUI,110.25,111.6,106.0,106.65,257491,
2019-08-26 12:08:00,ASHBUI,110.75,111.45,101.5,102.55,412560,
2019-08-27 12:08:00,ASHBUI,103.5,105.0,101.6,102.4,185660,
2019-08-28 12:08:00,ASHBUI,102.6,103.8,97.15,99.4,850651,
2019-08-29 12:08:00,ASHBUI,98.3,99.85,95.05,95.5,151448,
2019-08-30 12:08:00,ASHBUI,96.95,99.85,96.15,98.8,110117,
2019-09-03 12:09:00,ASHBUI,99.8,100.9,95.0,96.0,603020,
2019-09-04 12:09:00,ASHBUI,96.0,96.85,93.55,94.1,82749,
2019-09-05 12:09:00,ASHBUI,94.35,95.55,87.8,90.8,266447,
2019-09-06 12:09:00,ASHBUI,91.85,98.6,90.9,96.9,512978,
2019-09-09 12:09:00,ASHBUI,98.5,98.9,94.65,95.5,577762,
2019-09-11 12:09:00,ASHBUI,96.4,103.9,96.0,98.95,1309044,
2019-09-12 12:09:00,ASHBUI,99.6,100.5,97.0,97.2,289002,
2019-09-13 12:09:00,ASHBUI,97.4,103.8,97.0,100.6,613215,
2019-09-16 12:09:00,ASHBUI,98.85,100.9,97.7,98.75,447977,
2019-09-17 12:09:00,ASHBUI,99.0,101.8,97.15,97.85,1911901,
2019-09-18 12:09:00,ASHBUI,98.75,100.85,97.25,99.05,320115,
2019-09-19 12:09:00,ASHBUI,99.75,99.75,96.9,97.85,235250,
2019-09-20 12:09:00,ASHBUI,98.25,111.65,97.15,109.7,882498,
2019-09-23 12:09:00,ASHBUI,109.1,128.25,107.0,119.15,1055176,
2019-09-24 12:09:00,ASHBUI,118.0,118.0,109.0,109.9,551756,
2019-09-25 12:09:00,ASHBUI,110.0,110.0,100.9,104.35,462833,
2019-09-26 12:09:00,ASHBUI,105.0,108.4,104.0,105.9,1228408,
2019-09-27 12:09:00,ASHBUI,104.45,107.35,102.3,103.05,542902,
2019-09-30 12:09:00,ASHBUI,102.5,103.25,96.55,97.4,207405,
2019-10-01 12:10:00,ASHBUI,98.65,99.5,96.45,97.25,330501,
2019-10-03 12:10:00,ASHBUI,97.0,99.65,95.15,97.4,100800,
2019-10-04 12:10:00,ASHBUI,97.5,99.5,97.05,97.45,1132084,
2019-10-07 12:10:00,ASHBUI,97.45,98.5,97.05,97.45,82332,
2019-10-09 12:10:00,ASHBUI,97.9,99.4,96.95,97.5,174686,
2019-10-10 12:10:00,ASHBUI,97.4,98.0,97.15,97.7,308157,
2019-10-11 12:10:00,ASHBUI,97.9,100.5,97.5,98.15,135356,
2019-10-14 12:10:00,ASHBUI,97.5,98.9,97.5,98.25,86670,
2019-10-15 12:10:00,ASHBUI,99.45,102.5,98.25,100.75,234473,
2019-10-16 12:10:00,ASHBUI,101.6,107.2,100.0,105.3,556282,
2019-10-17 12:10:00,ASHBUI,107.1,114.4,98.2,99.7,2474080,
2019-10-18 12:10:00,ASHBUI,100.0,104.5,99.55,103.95,385884,
2019-10-22 12:10:00,ASHBUI,106.85,110.0,105.6,107.9,587794,
2019-10-23 12:10:00,ASHBUI,108.85,109.9,106.55,107.55,221154,
2019-10-24 12:10:00,ASHBUI,109.0,109.0,103.5,104.25,175052,
2019-10-25 12:10:00,ASHBUI,105.5,106.8,102.15,105.15,205353,
2019-10-27 12:10:00,ASHBUI,106.45,108.0,106.1,106.7,41854,
2019-10-29 12:10:00,ASHBUI,107.3,107.5,102.5,103.0,355537,
2019-10-30 12:10:00,ASHBUI,103.1,104.8,102.5,102.85,227138,
2019-10-31 12:10:00,ASHBUI,103.5,105.2,102.15,102.9,230101,
2019-11-01 12:11:00,ASHBUI,103.25,104.15,101.45,101.9,238975,
2019-11-04 12:11:00,ASHBUI,103.35,103.35,100.05,100.45,1303963,
2019-11-05 12:11:00,ASHBUI,100.5,101.3,94.5,95.9,518626,
2019-11-06 12:11:00,ASHBUI,97.15,99.95,95.9,97.3,330539,
2019-11-07 12:11:00,ASHBUI,99.25,99.9,96.85,97.1,276882,
2019-11-08 12:11:00,ASHBUI,96.4,97.9,96.3,96.95,185677,
2019-11-11 12:11:00,ASHBUI,97.45,97.45,94.35,95.0,149937,
2019-11-13 12:11:00,ASHBUI,95.0,96.7,93.2,94.2,218261,
2019-11-14 12:11:00,ASHBUI,99.7,103.0,94.65,96.05,1447040,
2019-11-15 12:11:00,ASHBUI,97.8,97.8,93.1,94.4,430604,
2019-11-18 12:11:00,ASHBUI,95.95,96.8,93.65,94.05,2261354,
2019-11-19 12:11:00,ASHBUI,95.35,95.6,94.0,94.5,516018,
2019-11-20 12:11:00,ASHBUI,95.0,95.5,92.2,92.65,429066,
2019-11-21 12:11:00,ASHBUI,100.0,102.4,93.5,93.95,1844176,
2019-11-22 12:11:00,ASHBUI,94.0,94.4,92.4,93.2,607852,
2019-11-25 12:11:00,ASHBUI,104.0,104.4,96.0,96.55,3478657,
2019-11-26 12:11:00,ASHBUI,96.85,96.85,94.05,94.45,1113524,
2019-11-27 12:11:00,ASHBUI,94.75,95.5,94.3,94.8,664421,
2019-11-28 12:11:00,ASHBUI,95.0,96.0,94.1,95.0,418015,
2019-11-29 12:11:00,ASHBUI,97.05,98.8,96.0,96.55,2656787,
2019-12-02 12:12:00,ASHBUI,96.9,97.0,94.35,94.8,613366,
2019-12-03 12:12:00,ASHBUI,95.0,95.2,92.35,92.7,562032,
2019-12-04 12:12:00,ASHBUI,91.9,93.6,91.2,93.35,332451,
2019-12-05 12:12:00,ASHBUI,93.05,94.0,92.6,93.55,244818,
2019-12-06 12:12:00,ASHBUI,93.9,93.9,91.4,93.1,334222,
2019-12-09 12:12:00,ASHBUI,93.0,93.0,90.5,90.95,235846,
2019-12-10 12:12:00,ASHBUI,90.6,91.5,89.25,90.45,386106,
2019-12-11 12:12:00,ASHBUI,92.0,95.9,91.05,94.6,1179127,
2019-12-12 12:12:00,ASHBUI,94.85,95.5,92.15,94.5,396640,
2019-12-13 12:12:00,ASHBUI,94.1,95.45,94.05,94.25,268619,
2019-12-16 12:12:00,ASHBUI,94.7,94.7,92.5,92.85,167070,
2019-12-17 12:12:00,ASHBUI,93.45,93.65,92.0,92.8,199625,
2019-12-18 12:12:00,ASHBUI,95.0,95.8,93.3,94.25,1666806,
2019-12-19 12:12:00,ASHBUI,94.0,95.0,92.8,93.6,226756,
2019-12-20 12:12:00,ASHBUI,93.75,95.3,93.5,95.1,1296417,
2019-12-23 12:12:00,ASHBUI,95.9,98.5,95.25,97.0,1121035,
2019-12-24 12:12:00,ASHBUI,97.05,97.9,96.3,96.95,372835,
2019-12-26 12:12:00,ASHBUI,98.6,99.1,96.55,98.35,748556,
2019-12-27 12:12:00,ASHBUI,99.3,99.35,97.55,98.25,304087,
2019-12-30 12:12:00,ASHBUI,97.65,102.75,97.6,102.05,1138974,
2019-12-31 12:12:00,ASHBUI,101.55,105.4,98.45,102.45,1471727,
2020-01-01 12:01:00,ASHBUI,102.7,104.7,102.05,103.1,412580,
2020-01-02 12:01:00,ASHBUI,103.65,111.65,102.35,108.85,1634658,
2020-01-03 12:01:00,ASHBUI,109.9,111.5,105.8,106.75,897851,
2020-01-06 12:01:00,ASHBUI,107.4,107.4,103.1,105.3,972886,
2020-01-07 12:01:00,ASHBUI,107.85,107.85,103.5,104.05,370103,
2020-01-08 12:01:00,ASHBUI,101.95,103.7,99.15,100.3,533406,
2020-01-09 12:01:00,ASHBUI,102.25,102.85,100.6,101.55,351757,
2020-01-10 12:01:00,ASHBUI,102.9,105.9,101.75,103.55,832233,
2020-01-13 12:01:00,ASHBUI,104.9,105.8,102.5,103.0,481490,
2020-01-14 12:01:00,ASHBUI,103.9,105.7,103.15,105.2,566065,
2020-01-15 12:01:00,ASHBUI,104.7,108.7,103.35,107.3,687428,
2020-01-16 12:01:00,ASHBUI,107.65,109.35,105.6,108.0,654801,
2020-01-17 12:01:00,ASHBUI,107.7,118.85,106.6,116.25,3366665,
2020-01-20 12:01:00,ASHBUI,116.5,120.95,115.1,118.55,1968552,
2020-01-21 12:01:00,ASHBUI,117.4,121.0,114.1,119.0,2108894,
2020-01-22 12:01:00,ASHBUI,120.5,121.75,114.9,115.55,907519,
2020-01-23 12:01:00,ASHBUI,115.4,116.4,112.35,114.85,430625,
2020-01-24 12:01:00,ASHBUI,114.2,121.25,113.85,118.75,1987094,
2020-01-27 12:01:00,ASHBUI,117.0,119.45,115.75,116.2,396794,
2020-01-28 12:01:00,ASHBUI,116.5,117.55,112.65,113.65,299738,
2020-01-29 12:01:00,ASHBUI,114.6,116.9,114.2,114.95,463005,
2020-01-30 12:01:00,ASHBUI,115.4,116.75,114.0,114.5,832030,
2020-01-31 12:01:00,ASHBUI,115.7,116.6,113.2,114.3,244247,
2020-02-01 12:02:00,ASHBUI,114.5,116.9,105.0,105.45,603026,
2020-02-03 12:02:00,ASHBUI,104.6,109.8,102.15,106.7,407556,
2020-02-04 12:02:00,ASHBUI,107.5,109.95,106.0,107.05,355609,
2020-02-05 12:02:00,ASHBUI,107.0,114.2,106.05,113.1,1460413,
2020-02-06 12:02:00,ASHBUI,114.0,116.0,113.1,113.8,632153,
2020-02-07 12:02:00,ASHBUI,114.0,115.7,113.5,113.85,554480,
2020-02-10 12:02:00,ASHBUI,115.05,116.75,108.0,108.95,525335,
2020-02-11 12:02:00,ASHBUI,109.05,111.55,104.1,104.75,381464,
2020-02-12 12:02:00,ASHBUI,106.95,110.8,104.0,105.9,735245,
2020-02-13 12:02:00,ASHBUI,106.75,106.75,102.0,103.1,496220,
2020-02-14 12:02:00,ASHBUI,103.9,105.35,102.1,102.65,437604,
2020-02-17 12:02:00,ASHBUI,102.0,102.45,98.5,99.55,372660,
2020-02-18 12:02:00,ASHBUI,98.7,99.55,94.75,97.25,485244,
2020-02-19 12:02:00,ASHBUI,98.0,99.3,97.6,97.85,824261,
2020-02-20 12:02:00,ASHBUI,98.85,101.5,98.1,99.5,307685,
2020-02-24 12:02:00,ASHBUI,98.9,98.9,95.15,95.6,275722,
2020-02-25 12:02:00,ASHBUI,95.75,96.0,92.7,93.5,280593,
2020-02-26 12:02:00,ASHBUI,92.9,93.4,90.55,92.9,183003,
2020-02-27 12:02:00,ASHBUI,93.0,94.9,91.35,93.15,288148,
2020-02-28 12:02:00,ASHBUI,89.2,91.7,88.0,90.35,509207,
2020-03-02 12:03:00,ASHBUI,91.3,94.3,83.85,87.1,430533,
2020-03-03 12:03:00,ASHBUI,88.2,89.7,85.5,87.8,161707,
2020-03-04 12:03:00,ASHBUI,87.8,89.75,84.3,86.25,324534,
2020-03-05 12:03:00,ASHBUI,86.3,89.7,85.2,86.2,173913,
2020-03-06 12:03:00,ASHBUI,80.1,88.25,79.1,84.65,228161,
2020-03-09 12:03:00,ASHBUI,82.9,82.9,77.55,79.35,316737,
2020-03-11 12:03:00,ASHBUI,76.0,79.7,76.0,78.95,369657,
2020-03-12 12:03:00,ASHBUI,77.0,77.0,63.2,63.2,959618,
2020-03-13 12:03:00,ASHBUI,50.6,64.0,50.6,62.6,3681269,
2020-03-16 12:03:00,ASHBUI,61.0,68.0,56.0,66.0,357787,
2020-03-17 12:03:00,ASHBUI,64.4,68.0,56.0,59.4,342940,
2020-03-18 12:03:00,ASHBUI,60.5,62.65,56.0,56.75,263208,
2020-03-19 12:03:00,ASHBUI,55.4,55.95,49.15,52.7,1072603,
2020-03-20 12:03:00,ASHBUI,54.5,56.9,52.0,55.9,822808,
2020-03-23 12:03:00,ASHBUI,48.0,52.8,45.0,45.85,410593,
2020-03-24 12:03:00,ASHBUI,50.4,50.4,41.3,44.65,433709,
2020-03-25 12:03:00,ASHBUI,43.0,46.0,42.55,44.35,171065,
2020-03-26 12:03:00,ASHBUI,45.8,48.4,41.55,45.4,393010,
2020-03-27 12:03:00,ASHBUI,47.85,48.9,43.3,43.9,498597,
2020-03-30 12:03:00,ASHBUI,43.0,43.8,39.8,40.15,444108,
2020-03-31 12:03:00,ASHBUI,42.0,42.0,40.4,41.35,762208,
2020-04-01 12:04:00,ASHBUI,40.8,42.5,39.2,39.4,447567,
2020-04-03 12:04:00,ASHBUI,41.0,41.0,37.05,37.5,514587,
2020-04-07 12:04:00,ASHBUI,39.0,39.5,37.75,38.85,500700,
2020-04-08 12:04:00,ASHBUI,38.35,42.7,37.8,42.7,1577514,
2020-04-09 12:04:00,ASHBUI,45.9,51.2,44.3,50.45,1784813,
2020-04-13 12:04:00,ASHBUI,50.5,53.0,46.15,49.5,631675,
2020-04-15 12:04:00,ASHBUI,49.5,55.2,47.0,51.75,1366366,
2020-04-16 12:04:00,ASHBUI,53.0,62.1,52.0,61.3,4084563,
2020-04-17 12:04:00,ASHBUI,65.4,67.35,63.0,64.6,1308573,
2020-04-20 12:04:00,ASHBUI,68.45,69.9,67.05,68.85,1197147,
2020-04-21 12:04:00,ASHBUI,68.0,68.5,62.0,62.0,627212,
2020-04-22 12:04:00,ASHBUI,62.0,65.5,57.0,64.4,597789,
2020-04-23 12:04:00,ASHBUI,65.0,67.5,63.05,64.05,331999,
2020-04-24 12:04:00,ASHBUI,63.85,63.85,60.0,60.15,328588,
2020-04-27 12:04:00,ASHBUI,60.15,62.5,59.25,59.65,226743,
2020-04-28 12:04:00,ASHBUI,59.65,61.95,56.0,60.65,294064,
2020-04-29 12:04:00,ASHBUI,62.0,62.0,59.5,60.05,345547,
2020-04-30 12:04:00,ASHBUI,61.1,65.0,60.65,64.0,1210824,
2020-05-04 12:05:00,ASHBUI,63.0,63.0,58.8,59.3,358545,
2020-05-05 12:05:00,ASHBUI,60.0,60.95,57.9,58.45,201062,
2020-05-06 12:05:00,ASHBUI,62.0,62.0,59.0,59.3,654698,
2020-05-07 12:05:00,ASHBUI,59.5,61.1,58.35,59.75,488162,
2020-05-08 12:05:00,ASHBUI,63.0,63.0,58.85,59.8,1033797,
2020-05-11 12:05:00,ASHBUI,60.2,60.75,58.2,58.4,249685,
2020-05-12 12:05:00,ASHBUI,58.25,58.25,55.4,56.2,329374,
2020-05-13 12:05:00,ASHBUI,61.0,61.4,58.0,59.9,765753,
2020-05-14 12:05:00,ASHBUI,59.3,59.85,58.05,58.3,225876,
2020-05-15 12:05:00,ASHBUI,58.7,59.35,56.35,56.75,312007,
2020-05-18 12:05:00,ASHBUI,56.0,56.7,53.45,53.8,239567,
2020-05-19 12:05:00,ASHBUI,54.0,54.5,50.4,51.65,246895,
2020-05-20 12:05:00,ASHBUI,52.0,53.0,51.4,51.75,236979,
2020-05-21 12:05:00,ASHBUI,52.0,53.5,51.7,51.95,238675,
2020-05-22 12:05:00,ASHBUI,52.3,52.75,51.0,51.3,111314,
2020-05-26 12:05:00,ASHBUI,52.45,52.55,50.8,50.95,160004,
2020-05-27 12:05:00,ASHBUI,50.6,51.15,50.0,50.25,274370,
2020-05-28 12:05:00,ASHBUI,50.8,52.45,50.75,51.9,262243,
2020-05-29 12:05:00,ASHBUI,51.9,53.35,48.65,49.2,1228062,
2020-06-01 12:06:00,ASHBUI,50.35,52.35,50.3,51.75,645002,
2020-06-02 12:06:00,ASHBUI,52.5,54.0,52.5,53.6,837817,
2020-06-03 12:06:00,ASHBUI,55.25,55.6,53.0,53.1,703665,
2020-06-04 12:06:00,ASHBUI,53.1,54.0,51.55,52.05,347417,
2020-06-05 12:06:00,ASHBUI,52.5,54.25,52.2,52.95,1089027,
2020-06-08 12:06:00,ASHBUI,53.9,56.2,53.6,53.9,1539161,
2020-06-09 12:06:00,ASHBUI,55.2,55.4,52.8,53.35,1031589,
2020-06-10 12:06:00,ASHBUI,53.5,53.9,52.35,53.05,683901,
2020-06-11 12:06:00,ASHBUI,52.95,54.9,51.7,52.15,1966093,
2020-06-12 12:06:00,ASHBUI,49.0,52.4,49.0,52.3,816380,
2020-06-15 12:06:00,ASHBUI,53.0,56.9,52.05,53.25,5379519,
2020-06-16 12:06:00,ASHBUI,56.9,58.0,53.15,56.3,6781378,
2020-06-17 12:06:00,ASHBUI,57.0,60.5,56.4,59.1,6346219,
2020-06-18 12:06:00,ASHBUI,60.5,63.8,60.15,62.9,5356132,
2020-06-19 12:06:00,ASHBUI,65.75,67.3,64.3,64.8,5037867,
2020-06-22 12:06:00,ASHBUI,67.35,69.35,65.0,68.3,6083817,
2020-06-23 12:06:00,ASHBUI,69.45,69.65,64.45,66.75,3113371,
2020-06-24 12:06:00,ASHBUI,67.7,67.7,64.0,64.15,2343820,
2020-06-25 12:06:00,ASHBUI,64.1,65.3,61.45,63.9,1862275,
2020-06-26 12:06:00,ASHBUI,63.6,64.8,62.55,63.0,1107206,
2020-06-29 12:06:00,ASHBUI,62.9,62.95,60.0,61.0,1121890,
2020-06-30 12:06:00,ASHBUI,61.45,62.7,61.0,61.6,1183644,
2020-07-01 12:07:00,ASHBUI,62.3,63.6,60.4,62.4,3836694,
2020-07-02 12:07:00,ASHBUI,63.6,64.0,62.35,62.75,1305668,
2020-07-03 12:07:00,ASHBUI,62.9,63.15,61.7,62.25,938959,
2020-07-06 12:07:00,ASHBUI,62.3,62.95,61.2,62.15,1471833,
2020-07-07 12:07:00,ASHBUI,62.5,64.9,62.05,63.85,2126267,
2020-07-08 12:07:00,ASHBUI,64.25,66.45,63.6,64.0,2920455,
2020-07-09 12:07:00,ASHBUI,64.55,65.75,64.3,64.45,1206076,
2020-07-10 12:07:00,ASHBUI,63.1,64.45,61.55,62.15,1447804,
2020-07-13 12:07:00,ASHBUI,62.95,63.3,61.8,62.1,747023,
2020-07-14 12:07:00,ASHBUI,61.5,62.95,60.95,61.35,1775906,
2020-07-15 12:07:00,ASHBUI,61.95,61.95,57.0,57.45,2349526,
2020-07-16 12:07:00,ASHBUI,57.7,58.85,54.45,57.1,1720755,
2020-07-17 12:07:00,ASHBUI,57.45,58.35,56.9,57.7,842815,
2020-07-20 12:07:00,ASHBUI,58.05,59.0,57.35,58.4,832055,
2020-07-21 12:07:00,ASHBUI,58.4,59.4,57.1,57.9,1030604,
2020-07-22 12:07:00,ASHBUI,57.75,58.2,56.5,56.85,892387,
2020-07-23 12:07:00,ASHBUI,56.85,57.2,56.0,56.8,1060956,
2020-07-24 12:07:00,ASHBUI,56.65,58.55,56.15,57.25,1451696,
2020-07-27 12:07:00,ASHBUI,58.0,58.0,55.2,55.5,620911,
2020-07-28 12:07:00,ASHBUI,55.5,55.85,51.65,52.0,2089895,
2020-07-29 12:07:00,ASHBUI,52.1,53.3,51.7,52.0,1343936,
2020-07-30 12:07:00,ASHBUI,52.5,54.0,51.8,51.9,1342094,
2020-07-31 12:07:00,ASHBUI,52.25,52.7,50.0,50.55,1308987,
2020-08-03 12:08:00,ASHBUI,50.7,53.85,50.0,53.0,1018812,
2020-08-04 12:08:00,ASHBUI,53.95,55.1,53.45,54.95,1090417,
2020-08-05 12:08:00,ASHBUI,55.3,56.5,53.85,56.0,1199073,
2020-08-06 12:08:00,ASHBUI,56.2,57.4,55.0,57.1,1421010,
2020-08-07 12:08:00,ASHBUI,57.3,58.4,56.75,58.0,1098709,
2020-08-10 12:08:00,ASHBUI,59.0,63.0,58.55,62.9,3614962,
2020-08-11 12:08:00,ASHBUI,63.0,65.0,60.05,63.5,5088971,
2020-08-12 12:08:00,ASHBUI,63.0,63.3,59.5,60.4,1733630,
2020-08-13 12:08:00,ASHBUI,61.45,66.4,61.35,64.55,8741022,
2020-08-14 12:08:00,ASHBUI,66.0,72.75,65.55,70.9,12723487,
2020-08-17 12:08:00,ASHBUI,77.35,78.5,72.5,74.5,9886404,
2020-08-18 12:08:00,ASHBUI,74.5,74.9,71.55,72.15,3164100,
2020-08-19 12:08:00,ASHBUI,73.75,74.95,72.6,73.4,3006156,
2020-08-20 12:08:00,ASHBUI,72.0,73.25,70.2,71.9,1790163,
2020-08-21 12:08:00,ASHBUI,72.9,73.2,68.1,69.9,2113159,
2020-08-24 12:08:00,ASHBUI,71.0,73.6,71.0,72.8,2789366,
2020-08-25 12:08:00,ASHBUI,73.4,76.9,71.25,74.85,4891384,
2020-08-26 12:08:00,ASHBUI,75.4,79.0,75.2,76.8,6284979,
2020-08-27 12:08:00,ASHBUI,77.35,77.7,75.2,75.4,1733462,
2020-08-28 12:08:00,ASHBUI,76.0,76.0,73.05,73.45,1773325,
2020-08-31 12:08:00,ASHBUI,73.5,74.0,65.25,68.15,2961336,
2020-09-01 12:09:00,ASHBUI,68.8,69.85,66.55,68.7,1082706,
2020-09-02 12:09:00,ASHBUI,69.4,71.55,68.5,70.35,697403,
2020-09-03 12:09:00,ASHBUI,71.0,72.7,70.1,70.7,863397,
2020-09-04 12:09:00,ASHBUI,68.9,70.5,68.1,69.25,1030545,
2020-09-07 12:09:00,ASHBUI,69.4,70.7,67.8,68.15,778740,
2020-09-08 12:09:00,ASHBUI,70.4,73.4,70.25,71.25,3516120,
2020-09-09 12:09:00,ASHBUI,70.5,70.5,68.0,68.75,1416497,
2020-09-10 12:09:00,ASHBUI,69.9,71.75,69.0,69.2,1164435,
2020-09-11 12:09:00,ASHBUI,69.65,70.15,68.8,69.0,570714,
2020-09-14 12:09:00,ASHBUI,70.0,71.5,69.1,70.45,1719933,
2020-09-15 12:09:00,ASHBUI,71.4,72.45,70.2,71.75,1426259,
2020-09-16 12:09:00,ASHBUI,72.4,72.75,70.5,70.75,845937,
2020-09-17 12:09:00,ASHBUI,70.6,70.75,69.7,70.2,518775,
2020-09-18 12:09:00,ASHBUI,70.5,72.45,69.5,71.9,1156565,
2020-09-21 12:09:00,ASHBUI,72.0,72.9,67.0,67.95,1130090,
2020-09-22 12:09:00,ASHBUI,68.0,68.5,62.05,65.45,1443794,
2020-09-23 12:09:00,ASHBUI,66.2,67.7,64.05,65.45,702009,
2020-09-24 12:09:00,ASHBUI,64.1,69.2,62.45,64.95,986340,
2020-09-25 12:09:00,ASHBUI,66.2,66.25,64.15,65.6,833236,
2020-09-28 12:09:00,ASHBUI,65.75,67.0,65.7,65.95,724014,
2020-09-29 12:09:00,ASHBUI,66.45,66.75,64.0,64.7,653427,
2020-09-30 12:09:00,ASHBUI,64.9,65.2,63.55,64.45,389163,
2020-10-01 12:10:00,ASHBUI,65.0,66.8,64.95,65.55,504827,
2020-10-05 12:10:00,ASHBUI,66.4,66.5,65.5,65.65,277062,
2020-10-06 12:10:00,ASHBUI,66.1,66.45,65.5,65.7,378570,
2020-10-07 12:10:00,ASHBUI,65.7,66.0,64.55,64.95,279482,
2020-10-08 12:10:00,ASHBUI,65.4,65.4,63.5,63.8,442382,
2020-10-09 12:10:00,ASHBUI,63.7,64.05,63.1,63.35,345666,
2020-10-12 12:10:00,ASHBUI,63.0,64.4,62.6,62.85,343417,
2020-10-13 12:10:00,ASHBUI,62.85,62.85,61.5,61.65,352213,
2020-10-14 12:10:00,ASHBUI,61.5,62.5,60.5,61.65,703589,
2020-10-15 12:10:00,ASHBUI,61.8,63.5,61.55,61.95,454062,
2020-10-16 12:10:00,ASHBUI,61.95,63.0,61.05,62.1,292674,
2020-10-19 12:10:00,ASHBUI,62.6,63.15,61.7,61.95,264712,
2020-10-20 12:10:00,ASHBUI,61.95,62.0,61.45,61.8,251897,
2020-10-21 12:10:00,ASHBUI,62.2,63.0,61.4,62.35,354871,
2020-10-22 12:10:00,ASHBUI,62.65,64.0,61.9,63.25,472590,
2020-10-23 12:10:00,ASHBUI,63.9,64.1,62.8,63.45,318251,
2020-10-26 12:10:00,ASHBUI,63.8,64.45,63.05,63.4,338433,
2020-10-27 12:10:00,ASHBUI,63.25,63.7,62.1,62.65,301483,
2020-10-28 12:10:00,ASHBUI,62.5,63.0,61.65,62.0,181573,
2020-10-29 12:10:00,ASHBUI,61.45,61.45,60.1,60.55,299113,
2020-10-30 12:10:00,ASHBUI,60.65,61.4,60.25,60.7,235961,
2020-11-02 12:11:00,ASHBUI,60.0,61.7,59.75,60.2,239631,
2020-11-03 12:11:00,ASHBUI,60.4,63.0,60.3,61.3,360566,
2020-11-04 12:11:00,ASHBUI,61.3,63.0,60.85,61.4,237160,
2020-11-05 12:11:00,ASHBUI,61.8,62.75,61.65,62.05,280842,
2020-11-06 12:11:00,ASHBUI,62.8,63.7,62.1,62.8,378718,
2020-11-09 12:11:00,ASHBUI,63.25,64.25,62.95,63.5,358712,
2020-11-10 12:11:00,ASHBUI,63.25,64.0,62.35,62.75,509283,
2020-11-11 12:11:00,ASHBUI,63.9,65.5,63.9,65.05,1050311,
2020-11-12 12:11:00,ASHBUI,67.0,70.4,66.65,69.25,4724565,
2020-11-13 12:11:00,ASHBUI,69.25,69.6,68.0,69.0,1164545,
2020-11-14 12:11:00,ASHBUI,69.9,70.35,68.5,69.0,381034,
2020-11-17 12:11:00,ASHBUI,70.0,71.85,69.6,71.3,1849361,
2020-11-18 12:11:00,ASHBUI,71.7,72.35,70.3,72.0,1391803,
2020-11-19 12:11:00,ASHBUI,71.8,75.9,71.4,73.8,3532446,
2020-11-20 12:11:00,ASHBUI,74.25,75.5,73.35,74.05,1573742,
2020-11-23 12:11:00,ASHBUI,74.75,74.95,72.15,73.6,1313493,
2020-11-24 12:11:00,ASHBUI,74.3,74.5,73.05,73.85,953597,
2020-11-25 12:11:00,ASHBUI,74.8,74.8,70.8,71.45,1386078,
2020-11-26 12:11:00,ASHBUI,72.0,72.45,71.2,72.15,497352,
2020-11-27 12:11:00,ASHBUI,72.3,79.9,72.1,77.6,7140417,
2020-12-01 12:12:00,ASHBUI,78.4,80.0,77.8,79.35,3749190,
2020-12-02 12:12:00,ASHBUI,80.15,81.9,79.25,80.3,2607733,
2020-12-03 12:12:00,ASHBUI,81.05,83.7,81.0,83.25,2217614,
2020-12-04 12:12:00,ASHBUI,84.1,87.0,84.0,86.65,3220938,
2020-12-07 12:12:00,ASHBUI,87.65,99.4,87.5,95.85,8347739,
2020-12-08 12:12:00,ASHBUI,98.6,105.0,95.15,100.95,7916803,
2020-12-09 12:12:00,ASHBUI,101.7,102.95,94.55,95.5,4242105,
2020-12-10 12:12:00,ASHBUI,95.3,95.3,90.0,92.6,2713135,
2020-12-11 12:12:00,ASHBUI,93.3,97.55,92.6,96.4,2354780,
2020-12-14 12:12:00,ASHBUI,98.0,98.6,94.45,94.9,1450070,
2020-12-15 12:12:00,ASHBUI,94.8,94.85,92.7,94.55,1238981,
2020-12-16 12:12:00,ASHBUI,95.2,95.95,92.8,93.0,1248910,
2020-12-17 12:12:00,ASHBUI,93.0,93.8,91.3,91.9,1051455,
2020-12-18 12:12:00,ASHBUI,91.25,91.85,88.25,90.0,1114030,
2020-12-21 12:12:00,ASHBUI,89.85,89.85,76.2,82.1,2195813,
2020-12-22 12:12:00,ASHBUI,80.0,85.0,76.6,84.55,2219130,
2020-12-23 12:12:00,ASHBUI,84.8,95.5,83.35,94.25,3730472,
2020-12-24 12:12:00,ASHBUI,95.45,97.0,92.0,93.0,2330719,
2020-12-28 12:12:00,ASHBUI,94.05,94.8,89.35,92.25,1220454,
2020-12-29 12:12:00,ASHBUI,92.3,93.15,90.1,90.85,779821,
2020-12-30 12:12:00,ASHBUI,90.95,90.95,88.55,90.15,612323,
2020-12-31 12:12:00,ASHBUI,89.9,93.0,89.0,92.65,1760459,
2021-01-01 12:01:00,ASHBUI,92.5,94.0,92.15,93.45,1283612,
2021-01-04 12:01:00,ASHBUI,94.2,94.5,92.05,92.9,902367,
2021-01-05 12:01:00,ASHBUI,92.0,93.85,91.1,93.35,1404207,
2021-01-06 12:01:00,ASHBUI,94.0,95.1,92.05,93.65,1283103,
2021-01-07 12:01:00,ASHBUI,94.5,96.5,93.5,95.25,2360912,
2021-01-08 12:01:00,ASHBUI,96.0,96.35,94.4,94.85,1202749,
2021-01-11 12:01:00,ASHBUI,95.8,97.9,94.05,96.5,1791834,
2021-01-12 12:01:00,ASHBUI,96.9,97.7,94.8,95.75,1038894,
2021-01-13 12:01:00,ASHBUI,95.85,96.5,93.2,94.15,1376513,
2021-01-14 12:01:00,ASHBUI,94.7,95.45,93.0,95.0,763223,
2021-01-15 12:01:00,ASHBUI,94.5,95.75,93.1,93.85,725781,
2021-01-18 12:01:00,ASHBUI,94.0,94.0,90.5,91.15,703549,
2021-01-19 12:01:00,ASHBUI,91.15,94.85,91.15,92.05,781343,
2021-01-20 12:01:00,ASHBUI,92.1,95.0,91.95,93.65,589386,
2021-01-21 12:01:00,ASHBUI,94.0,96.5,92.6,93.55,1768411,
2021-01-22 12:01:00,ASHBUI,93.7,95.65,92.1,92.5,835693,
2021-01-25 12:01:00,ASHBUI,92.6,93.6,86.2,90.45,1098492,
2021-01-27 12:01:00,ASHBUI,89.9,90.0,87.55,87.85,672176,
2021-01-28 12:01:00,ASHBUI,86.0,90.5,85.15,88.0,764021,
2021-01-29 12:01:00,ASHBUI,88.85,90.7,87.0,87.4,693429,
2021-02-01 12:02:00,ASHBUI,88.6,98.3,87.8,96.65,3588037,
2021-02-02 12:02:00,ASHBUI,98.4,102.0,94.3,100.7,3164484,
2021-02-03 12:02:00,ASHBUI,101.7,109.4,100.0,107.15,5620724,
2021-02-04 12:02:00,ASHBUI,107.85,110.0,101.4,102.45,4382618,
2021-02-05 12:02:00,ASHBUI,103.45,105.35,97.6,103.95,2917928,
2021-02-08 12:02:00,ASHBUI,108.5,108.9,102.2,104.75,4445775,
2021-02-09 12:02:00,ASHBUI,105.9,114.3,105.6,110.7,8373160,
2021-02-10 12:02:00,ASHBUI,111.9,113.05,109.0,111.8,2891204,
2021-02-11 12:02:00,ASHBUI,111.8,112.5,110.0,110.9,1357621,
2021-02-12 12:02:00,ASHBUI,111.35,113.7,108.1,109.85,1654885,
2021-02-15 12:02:00,ASHBUI,110.95,111.4,106.0,106.8,1174702,
2021-02-16 12:02:00,ASHBUI,107.8,118.1,107.15,116.75,3673550,
2021-02-17 12:02:00,ASHBUI,116.5,118.6,113.4,114.35,1757665,
2021-02-18 12:02:00,ASHBUI,115.2,118.0,111.7,112.35,2061398,
2021-02-19 12:02:00,ASHBUI,111.9,114.7,108.2,110.9,1203635,
2021-02-22 12:02:00,ASHBUI,111.8,111.9,106.05,107.5,1010405,
2021-02-23 12:02:00,ASHBUI,107.5,111.5,105.15,109.55,1074830,
2021-02-24 12:02:00,ASHBUI,109.4,114.95,109.1,114.1,834395,
2021-02-25 12:02:00,ASHBUI,115.1,115.8,111.0,113.3,894987,
2021-02-26 12:02:00,ASHBUI,109.7,114.7,108.9,113.1,1019078,
2021-03-01 12:03:00,ASHBUI,114.2,114.45,111.1,111.85,944045,
2021-03-02 12:03:00,ASHBUI,112.8,113.45,110.2,110.7,1097255,
2021-03-03 12:03:00,ASHBUI,111.4,114.0,111.0,112.25,864468,
2021-03-04 12:03:00,ASHBUI,110.25,118.4,110.25,116.25,2203348,
2021-03-05 12:03:00,ASHBUI,115.95,115.95,111.5,113.55,958590,
2021-03-08 12:03:00,ASHBUI,114.95,116.75,113.25,113.85,1089967,
2021-03-09 12:03:00,ASHBUI,115.4,115.5,110.25,111.7,570899,
2021-03-10 12:03:00,ASHBUI,112.3,113.0,110.6,111.1,723455,
2021-03-12 12:03:00,ASHBUI,112.0,112.9,108.9,109.4,884392,
2021-03-15 12:03:00,ASHBUI,111.0,111.0,106.2,107.4,721842,
2021-03-16 12:03:00,ASHBUI,108.0,109.7,106.2,107.95,675742,
2021-03-17 12:03:00,ASHBUI,110.85,112.7,108.25,109.55,2075090,
2021-03-18 12:03:00,ASHBUI,111.2,111.8,102.3,104.55,1029134,
2021-03-19 12:03:00,ASHBUI,103.0,103.9,96.3,103.15,1403921,
2021-03-22 12:03:00,ASHBUI,104.45,104.6,102.3,102.7,771374,
2021-03-23 12:03:00,ASHBUI,103.0,104.85,101.55,102.2,702837,
2021-03-24 12:03:00,ASHBUI,101.6,103.95,97.0,97.55,966015,
2021-03-25 12:03:00,ASHBUI,97.55,98.7,92.25,94.15,977628,
2021-03-26 12:03:00,ASHBUI,94.6,97.95,94.55,95.2,729843,
2021-03-30 12:03:00,ASHBUI,95.5,102.8,95.5,101.0,1617052,
2021-03-31 12:03:00,ASHBUI,101.45,103.4,99.6,101.9,744957,
2021-04-01 12:04:00,ASHBUI,102.3,103.95,100.0,100.6,705285,
2021-04-05 12:04:00,ASHBUI,100.0,100.6,95.0,96.25,956392,
2021-04-06 12:04:00,ASHBUI,96.55,97.75,95.25,96.05,466045,
2021-04-07 12:04:00,ASHBUI,95.6,97.4,95.6,96.55,355258,
2021-04-08 12:04:00,ASHBUI,96.55,98.5,96.55,96.9,530467,
2021-04-09 12:04:00,ASHBUI,96.9,97.55,96.0,96.95,373386,
2021-04-12 12:04:00,ASHBUI,94.2,95.0,85.05,87.35,1776375,
2021-04-13 12:04:00,ASHBUI,87.35,92.65,86.75,90.85,1257101,
2021-04-15 12:04:00,ASHBUI,90.0,90.2,86.3,88.85,681772,
2021-04-16 12:04:00,ASHBUI,93.95,98.75,90.0,91.25,8092640,
2021-04-19 12:04:00,ASHBUI,86.95,88.5,84.0,84.9,2382281,
2021-04-20 12:04:00,ASHBUI,85.5,88.2,83.1,83.95,1825864,
2021-04-22 12:04:00,ASHBUI,83.85,84.0,81.4,83.65,1172971,
2021-04-23 12:04:00,ASHBUI,83.0,85.45,82.25,84.05,802450,
2021-04-26 12:04:00,ASHBUI,86.0,89.0,83.2,83.95,1269926,
2021-04-27 12:04:00,ASHBUI,84.0,84.95,82.35,82.9,1674239,
2021-04-28 12:04:00,ASHBUI,83.9,84.5,82.3,83.2,1609140,
2021-04-29 12:04:00,ASHBUI,84.3,87.25,82.95,83.4,3050884,
2021-04-30 12:04:00,ASHBUI,82.85,85.9,82.0,82.55,2021987,
2021-05-03 12:05:00,ASHBUI,82.4,83.95,81.5,81.85,1252825,
2021-05-04 12:05:00,ASHBUI,82.45,83.35,79.7,79.85,2140403,
2021-05-05 12:05:00,ASHBUI,80.7,80.8,78.7,78.9,1196773,
2021-05-06 12:05:00,ASHBUI,79.5,80.0,78.4,78.65,759701,
2021-05-07 12:05:00,ASHBUI,79.5,80.85,78.75,78.9,1719489,
2021-05-10 12:05:00,ASHBUI,79.8,84.1,79.0,83.2,2763156,
2021-05-11 12:05:00,ASHBUI,82.7,85.25,82.1,84.2,2729061,
2021-05-12 12:05:00,ASHBUI,85.5,89.9,84.3,87.45,3505353,
2021-05-14 12:05:00,ASHBUI,88.15,90.0,85.0,85.75,1650375,
2021-05-17 12:05:00,ASHBUI,86.0,87.85,84.65,85.25,1382081,
2021-05-18 12:05:00,ASHBUI,85.6,86.5,84.4,84.65,1644393,
2021-05-19 12:05:00,ASHBUI,85.1,88.4,84.65,87.9,1922616,
2021-05-20 12:05:00,ASHBUI,88.2,88.8,86.0,86.3,1248872,
2021-05-21 12:05:00,ASHBUI,86.9,88.3,86.4,87.3,1165575,
2021-05-24 12:05:00,ASHBUI,87.6,93.5,87.5,91.0,6029827,
2021-05-25 12:05:00,ASHBUI,92.1,94.8,92.1,93.75,3455140,
2021-05-26 12:05:00,ASHBUI,94.5,95.75,91.15,91.75,2688324,
2021-05-27 12:05:00,ASHBUI,92.45,94.4,91.65,92.4,1368059,
2021-05-28 12:05:00,ASHBUI,95.0,95.2,91.8,93.15,2371198,
2021-05-31 12:05:00,ASHBUI,94.0,94.95,93.1,94.0,1534757,
2021-06-01 12:06:00,ASHBUI,94.4,94.5,91.25,92.05,1170907,
2021-06-02 12:06:00,ASHBUI,91.85,93.5,91.3,93.15,902218,
2021-06-03 12:06:00,ASHBUI,94.0,94.5,93.35,93.55,928497,
2021-06-04 12:06:00,ASHBUI,94.0,94.5,92.0,93.0,904346,
2021-06-07 12:06:00,ASHBUI,94.25,95.7,93.35,94.3,1597225,
2021-06-08 12:06:00,ASHBUI,94.7,95.4,93.0,93.4,903965,
2021-06-09 12:06:00,ASHBUI,93.75,99.5,93.55,98.15,8917829,
2021-06-10 12:06:00,ASHBUI,99.2,101.85,96.0,97.05,4911781,
2021-06-11 12:06:00,ASHBUI,97.8,101.8,96.55,100.45,7566848,
2021-06-14 12:06:00,ASHBUI,101.0,101.0,95.1,98.8,2719045,
2021-06-15 12:06:00,ASHBUI,99.6,102.65,99.05,99.9,2623527,
2021-06-16 12:06:00,ASHBUI,100.7,102.0,98.6,100.95,2872322,
2021-06-17 12:06:00,ASHBUI,100.45,103.35,99.05,100.05,3277843,
2021-06-18 12:06:00,ASHBUI,101.0,102.25,88.0,99.4,3123540,
2021-06-21 12:06:00,ASHBUI,97.8,101.7,96.15,98.55,2199502,
2021-06-22 12:06:00,ASHBUI,99.7,100.45,97.25,97.6,1193580,
2021-06-23 12:06:00,ASHBUI,99.8,104.0,99.2,101.65,6619664,
2021-06-24 12:06:00,ASHBUI,103.0,104.0,102.15,103.5,3966382,
2021-06-25 12:06:00,ASHBUI,104.2,107.5,103.3,104.4,4623268,
2021-06-28 12:06:00,ASHBUI,105.2,108.35,104.1,105.9,3654780,
2021-06-29 12:06:00,ASHBUI,106.0,109.75,106.0,108.95,3484835,
2021-06-30 12:06:00,ASHBUI,109.35,112.5,107.55,110.65,5441426,
2021-07-01 12:07:00,ASHBUI,111.6,112.5,108.75,109.25,2733018,
2021-07-02 12:07:00,ASHBUI,109.45,112.8,109.15,112.2,3162607,
2021-07-05 12:07:00,ASHBUI,112.55,117.65,112.0,115.25,6058002,
2021-07-06 12:07:00,ASHBUI,115.55,116.55,110.05,111.65,3033783,
2021-07-07 12:07:00,ASHBUI,111.25,111.5,109.1,110.05,1391136,
2021-07-08 12:07:00,ASHBUI,110.05,112.8,109.25,110.85,1656946,
2021-07-09 12:07:00,ASHBUI,111.35,115.8,109.5,114.8,4560265,
2021-07-12 12:07:00,ASHBUI,115.7,116.55,111.15,111.8,2593028,
2021-07-13 12:07:00,ASHBUI,114.75,116.95,111.15,112.0,4442031,
2021-07-14 12:07:00,ASHBUI,112.0,113.45,109.4,109.85,2173760,
2021-07-15 12:07:00,ASHBUI,110.7,111.95,107.1,107.85,2043925,
2021-07-16 12:07:00,ASHBUI,108.7,112.0,107.15,107.6,2579660,
2021-07-19 12:07:00,ASHBUI,107.6,109.9,107.4,108.0,1898992,
2021-07-20 12:07:00,ASHBUI,108.9,109.5,100.95,104.55,2295725,
2021-07-22 12:07:00,ASHBUI,105.75,106.8,105.05,105.95,1280078,
2021-07-23 12:07:00,ASHBUI,106.9,106.9,104.1,104.4,929835,
2021-07-26 12:07:00,ASHBUI,104.4,104.4,102.15,102.65,992280,
2021-07-27 12:07:00,ASHBUI,103.05,104.9,101.0,101.45,1206325,
2021-07-28 12:07:00,ASHBUI,101.4,101.7,99.05,100.9,969741,
2021-07-29 12:07:00,ASHBUI,101.6,106.5,101.55,105.8,1713927,
2021-07-30 12:07:00,ASHBUI,105.55,110.5,104.75,107.4,3894074,
2021-08-02 12:08:00,ASHBUI,108.25,110.0,105.35,106.05,1643593,
2021-08-03 12:08:00,ASHBUI,106.1,106.65,102.7,103.5,1083056,
2021-08-04 12:08:00,ASHBUI,104.0,105.75,102.8,103.3,1077247,
2021-08-05 12:08:00,ASHBUI,103.3,105.0,100.5,102.6,1571163,
2021-08-06 12:08:00,ASHBUI,102.5,103.7,102.35,103.0,632527,
2021-08-09 12:08:00,ASHBUI,103.7,103.7,101.7,102.6,568195,
2021-08-10 12:08:00,ASHBUI,102.05,102.85,96.1,99.6,2159395,
2021-08-11 12:08:00,ASHBUI,98.0,99.65,94.5,97.5,1712766,
2021-08-12 12:08:00,ASHBUI,98.3,101.5,98.2,100.7,796560,
2021-08-13 12:08:00,ASHBUI,102.0,105.9,102.0,104.9,2836759,
2021-08-16 12:08:00,ASHBUI,105.4,107.2,104.25,106.55,1689670,
2021-08-17 12:08:00,ASHBUI,106.8,106.8,101.9,102.55,1219914,
2021-08-18 12:08:00,ASHBUI,103.5,103.5,100.7,101.55,1074635,
2021-08-20 12:08:00,ASHBUI,100.0,102.8,98.05,99.35,2177793,
2021-08-23 12:08:00,ASHBUI,100.7,102.45,95.5,95.95,1347971,
2021-08-24 12:08:00,ASHBUI,96.45,100.9,96.45,100.25,1244075,
2021-08-25 12:08:00,ASHBUI,100.45,101.65,98.5,99.1,674370,
2021-08-26 12:08:00,ASHBUI,98.3,99.9,97.5,98.4,515441,
2021-08-27 12:08:00,ASHBUI,98.4,99.6,97.55,98.7,599055,
2021-08-30 12:08:00,ASHBUI,99.75,100.75,99.15,99.6,542392,
2021-08-31 12:08:00,ASHBUI,100.1,101.45,99.7,99.95,817273,
2021-09-01 12:09:00,ASHBUI,99.95,101.1,98.8,100.0,811642,
2021-09-02 12:09:00,ASHBUI,100.0,102.95,99.85,101.4,1250056,
2021-09-03 12:09:00,ASHBUI,100.25,102.5,100.05,100.4,831762,
2021-09-06 12:09:00,ASHBUI,107.0,107.3,101.15,101.65,4459336,
2021-09-07 12:09:00,ASHBUI,102.0,104.85,101.75,103.0,2044332,
2021-09-08 12:09:00,ASHBUI,103.5,103.7,102.15,102.45,770785,
2021-09-09 12:09:00,ASHBUI,101.0,105.35,101.0,102.5,1934175,
2021-09-13 12:09:00,ASHBUI,102.0,104.9,101.5,103.5,1821990,
2021-09-14 12:09:00,ASHBUI,104.45,105.0,102.0,102.25,1130549,
2021-09-15 12:09:00,ASHBUI,102.3,104.8,101.4,101.85,1000578,
2021-09-16 12:09:00,ASHBUI,101.65,102.4,100.8,100.9,963087,
2021-09-17 12:09:00,ASHBUI,101.2,101.8,98.4,99.3,997889,
2021-09-20 12:09:00,ASHBUI,97.5,100.75,97.0,97.15,896071,
2021-09-21 12:09:00,ASHBUI,97.8,97.85,95.5,96.05,931648,
2021-09-22 12:09:00,ASHBUI,96.7,98.5,94.65,94.9,1811016,
2021-09-23 12:09:00,ASHBUI,96.5,100.0,96.0,99.35,2760733,
2021-09-24 12:09:00,ASHBUI,100.4,101.4,96.75,97.15,1644115,
2021-09-27 12:09:00,ASHBUI,97.9,98.8,96.6,97.95,896855,
2021-09-28 12:09:00,ASHBUI,97.95,98.8,97.1,97.8,652235,
2021-09-29 12:09:00,ASHBUI,97.25,98.0,96.65,97.4,603320,
2021-09-30 12:09:00,ASHBUI,97.9,101.0,97.75,98.45,1153683,
2021-10-01 12:10:00,ASHBUI,96.65,99.25,96.65,97.95,654943,
2021-10-04 12:10:00,ASHBUI,98.65,99.55,98.0,99.05,1296970,
2021-10-05 12:10:00,ASHBUI,98.8,101.5,98.4,101.0,1539281,
2021-10-06 12:10:00,ASHBUI,102.0,103.7,99.0,99.25,1837709,
2021-10-07 12:10:00,ASHBUI,100.5,103.5,99.5,103.1,4723448,
2021-10-08 12:10:00,ASHBUI,103.8,118.25,103.5,116.1,23242492,
2021-10-11 12:10:00,ASHBUI,117.65,124.1,116.1,119.6,10874456,
2021-10-12 12:10:00,ASHBUI,120.0,123.2,117.75,121.5,6549157,
2021-10-13 12:10:00,ASHBUI,122.3,125.0,117.1,118.1,4745240,
2021-10-14 12:10:00,ASHBUI,119.4,122.65,115.85,116.95,3043007,
2021-10-18 12:10:00,ASHBUI,124.0,124.05,118.2,120.45,3648341,
2021-10-19 12:10:00,ASHBUI,121.0,121.45,111.25,113.05,2525509,
2021-10-20 12:10:00,ASHBUI,113.05,115.4,108.1,112.95,2408180,
2021-10-21 12:10:00,ASHBUI,113.2,115.65,112.15,114.15,1503923,
2021-10-22 12:10:00,ASHBUI,114.05,116.45,111.95,112.7,1335098,
2021-10-25 12:10:00,ASHBUI,112.0,112.7,104.85,105.9,1639436,
2021-10-26 12:10:00,ASHBUI,106.0,110.85,106.0,109.95,1110770,
2021-10-27 12:10:00,ASHBUI,110.0,113.4,107.0,108.3,1308878,
2021-10-28 12:10:00,ASHBUI,107.0,108.45,103.2,105.35,847816,
2021-10-29 12:10:00,ASHBUI,104.1,106.5,102.0,104.7,926421,
2021-11-01 12:11:00,ASHBUI,105.5,106.85,102.3,103.6,969202,
2021-11-02 12:11:00,ASHBUI,104.0,108.35,104.0,107.55,1249710,
2021-11-03 12:11:00,ASHBUI,106.55,108.9,104.3,105.7,844560,
2021-11-04 12:11:00,ASHBUI,106.55,108.2,106.0,107.75,284181,
2021-11-08 12:11:00,ASHBUI,108.5,109.65,106.45,108.35,766501,
2021-11-09 12:11:00,ASHBUI,108.35,112.5,107.9,110.55,1107324,
2021-11-10 12:11:00,ASHBUI,109.0,112.8,108.85,110.75,857204,
2021-11-11 12:11:00,ASHBUI,111.25,111.7,109.5,110.25,635739,
2021-11-12 12:11:00,ASHBUI,110.9,111.3,108.0,108.45,600690,
2021-11-15 12:11:00,ASHBUI,107.0,107.4,102.75,103.4,940011,
2021-11-16 12:11:00,ASHBUI,106.4,107.1,101.5,101.7,2338881,
2021-11-17 12:11:00,ASHBUI,102.95,105.45,102.2,104.55,1275000,
2021-11-18 12:11:00,ASHBUI,105.85,105.95,102.6,103.8,1003877,
2021-11-22 12:11:00,ASHBUI,105.9,105.95,98.45,99.4,1599794,
2021-11-23 12:11:00,ASHBUI,99.2,103.15,97.1,100.3,1357866,
2021-11-24 12:11:00,ASHBUI,101.0,102.85,99.0,99.2,1552656,
2021-11-25 12:11:00,ASHBUI,100.0,101.85,99.35,99.9,1347573,
2021-11-26 12:11:00,ASHBUI,99.5,100.85,97.45,98.15,1273318,
2021-11-29 12:11:00,ASHBUI,98.35,98.55,92.25,94.55,1469047,
2021-11-30 12:11:00,ASHBUI,96.55,97.5,95.1,96.2,1115262,
2021-12-01 12:12:00,ASHBUI,96.2,97.85,95.75,96.15,823972,
2021-12-02 12:12:00,ASHBUI,96.9,97.6,95.7,96.55,806494,
2021-12-03 12:12:00,ASHBUI,97.15,104.45,96.85,100.4,5866647,
2021-12-06 12:12:00,ASHBUI,101.0,101.4,96.5,97.05,1079689,
2021-12-07 12:12:00,ASHBUI,97.95,98.4,96.25,96.45,1559142,
2021-12-08 12:12:00,ASHBUI,97.05,98.55,96.85,97.15,931451,
2021-12-09 12:12:00,ASHBUI,97.75,98.25,96.8,97.1,846913,
2021-12-10 12:12:00,ASHBUI,97.15,98.8,96.75,97.15,1355852,
2021-12-13 12:12:00,ASHBUI,98.0,99.2,95.85,96.45,1413553,
2021-12-14 12:12:00,ASHBUI,95.95,97.1,95.5,95.95,936599,
2021-12-15 12:12:00,ASHBUI,96.3,99.6,96.0,96.35,3753446,
2021-12-16 12:12:00,ASHBUI,97.4,97.8,94.4,94.95,1784753,
2021-12-17 12:12:00,ASHBUI,95.3,95.75,93.0,93.25,1082609,
2021-12-20 12:12:00,ASHBUI,92.5,92.5,87.55,89.0,1606257,
2021-12-21 12:12:00,ASHBUI,90.1,91.95,88.35,88.8,1388267,
2021-12-22 12:12:00,ASHBUI,89.5,90.9,89.05,90.45,953607,
2021-12-23 12:12:00,ASHBUI,91.05,94.45,90.85,94.05,1771426,
2021-12-24 12:12:00,ASHBUI,94.3,94.3,91.55,92.3,840390,
2021-12-27 12:12:00,ASHBUI,98.05,103.3,94.95,101.55,11075838,
2021-12-28 12:12:00,ASHBUI,101.4,102.5,98.0,98.65,3703759,
2021-12-29 12:12:00,ASHBUI,99.4,100.95,98.65,99.55,2525118,
2021-12-30 12:12:00,ASHBUI,100.0,100.0,97.55,99.05,1099879,
2021-12-31 12:12:00,ASHBUI,99.3,100.85,98.65,100.55,1768362,
2022-01-03 12:01:00,ASHBUI,100.85,103.85,100.65,102.7,2729802,
2022-01-04 12:01:00,ASHBUI,103.3,105.4,101.5,104.9,2723054,
2022-01-05 12:01:00,ASHBUI,105.0,108.6,103.35,107.9,3010416,
2022-01-06 12:01:00,ASHBUI,105.15,107.0,104.4,105.05,2181281,
2022-01-07 12:01:00,ASHBUI,105.0,106.4,102.1,102.75,1436767,
2022-01-10 12:01:00,ASHBUI,102.9,104.6,102.45,102.75,1408368,
2022-01-11 12:01:00,ASHBUI,103.0,103.75,101.7,101.9,803447,
2022-01-12 12:01:00,ASHBUI,102.3,103.4,101.65,101.95,716824,
2022-01-13 12:01:00,ASHBUI,102.05,106.8,101.4,104.55,1671276,
2022-01-14 12:01:00,ASHBUI,104.7,106.85,103.5,103.95,2472133,
2022-01-17 12:01:00,ASHBUI,104.75,105.5,103.75,104.15,796464,
2022-01-18 12:01:00,ASHBUI,104.6,104.6,101.45,101.8,929139,
2022-01-19 12:01:00,ASHBUI,101.6,101.7,99.0,100.75,1515220,
2022-01-20 12:01:00,ASHBUI,100.75,101.6,99.25,99.7,854941,
2022-01-21 12:01:00,ASHBUI,98.95,101.9,96.5,97.8,1193596,
2022-01-24 12:01:00,ASHBUI,97.5,97.9,92.2,93.8,1586290,
2022-01-25 12:01:00,ASHBUI,92.0,97.15,91.1,96.75,890791,
2022-01-27 12:01:00,ASHBUI,95.0,96.75,94.1,96.25,735599,
2022-01-28 12:01:00,ASHBUI,97.0,100.0,95.1,95.8,993040,
2022-01-31 12:01:00,ASHBUI,97.3,101.0,97.0,98.4,721919,
2022-02-01 12:02:00,ASHBUI,100.0,102.2,98.15,99.75,1486288,
2022-02-02 12:02:00,ASHBUI,100.55,101.7,100.15,100.35,598578,
2022-02-03 12:02:00,ASHBUI,100.3,100.75,98.15,98.5,751296,
2022-02-04 12:02:00,ASHBUI,98.55,99.45,97.4,97.95,727618,
2022-02-07 12:02:00,ASHBUI,99.75,99.85,98.05,98.5,847210,
2022-02-08 12:02:00,ASHBUI,98.9,98.9,94.2,94.6,1497852,
2022-02-09 12:02:00,ASHBUI,95.6,96.55,94.2,96.0,738706,
2022-02-10 12:02:00,ASHBUI,96.05,96.75,95.2,96.15,447999,
2022-02-11 12:02:00,ASHBUI,95.5,95.95,93.5,94.2,488450,
2022-02-14 12:02:00,ASHBUI,94.2,94.85,89.95,90.3,1083603,
2022-02-15 12:02:00,ASHBUI,91.1,92.75,87.55,92.45,1253044,
2022-02-16 12:02:00,ASHBUI,94.0,95.9,93.45,94.4,693987,
2022-02-17 12:02:00,ASHBUI,95.9,97.25,94.8,96.35,924078,
2022-02-18 12:02:00,ASHBUI,95.5,98.6,95.0,97.05,1025278,
2022-02-21 12:02:00,ASHBUI,97.85,97.85,91.0,93.25,637917,
2022-02-22 12:02:00,ASHBUI,91.0,92.4,89.9,90.9,790671,
2022-02-23 12:02:00,ASHBUI,92.0,93.75,91.0,92.05,506408,
2022-02-24 12:02:00,ASHBUI,90.0,90.4,80.15,81.7,1801482,
2022-02-25 12:02:00,ASHBUI,87.0,93.9,85.15,91.45,1823424,
2022-02-28 12:02:00,ASHBUI,90.0,93.5,87.2,93.1,1101745,
2022-03-02 12:03:00,ASHBUI,92.0,93.1,91.1,91.4,560109,
2022-03-03 12:03:00,ASHBUI,91.6,95.05,91.5,92.05,467031,
2022-03-04 12:03:00,ASHBUI,91.4,92.15,90.0,90.25,647037,
2022-03-07 12:03:00,ASHBUI,88.1,89.0,86.0,86.4,763309,
2022-03-08 12:03:00,ASHBUI,86.9,90.8,86.85,89.15,759709,
2022-03-09 12:03:00,ASHBUI,90.5,90.8,89.15,90.0,643845,
2022-03-10 12:03:00,ASHBUI,92.7,93.0,89.65,90.3,858639,
2022-03-11 12:03:00,ASHBUI,90.2,91.65,90.05,91.05,613151,
2022-03-14 12:03:00,ASHBUI,91.5,91.95,89.3,90.35,704483,
2022-03-15 12:03:00,ASHBUI,90.35,90.95,88.6,89.0,586336,
2022-03-16 12:03:00,ASHBUI,90.1,91.3,87.6,89.65,487649,
2022-03-17 12:03:00,ASHBUI,90.95,93.3,89.6,91.65,933492,
2022-03-21 12:03:00,ASHBUI,92.5,93.15,91.0,91.65,678660,
2022-03-22 12:03:00,ASHBUI,91.7,92.0,89.75,90.65,656354,
2022-03-23 12:03:00,ASHBUI,91.0,91.75,88.2,89.65,713712,
2022-03-24 12:03:00,ASHBUI,89.0,90.55,88.95,89.75,379751,
2022-03-25 12:03:00,ASHBUI,90.1,90.9,89.25,89.5,728025,
2022-03-28 12:03:00,ASHBUI,90.0,90.2,87.5,87.75,657987,
2022-03-29 12:03:00,ASHBUI,87.9,88.95,86.0,86.2,1574134,
2022-03-30 12:03:00,ASHBUI,87.55,88.1,85.5,85.8,1004235,
2022-03-31 12:03:00,ASHBUI,86.0,87.5,85.5,85.8,1281995,
2022-04-01 12:04:00,ASHBUI,86.5,89.9,86.05,89.45,890045,
2022-04-04 12:04:00,ASHBUI,90.25,91.1,88.75,90.05,1817103,
2022-04-05 12:04:00,ASHBUI,90.9,94.25,90.35,92.8,2122700,
2022-04-06 12:04:00,ASHBUI,92.5,94.9,91.7,94.05,1015028,
2022-04-07 12:04:00,ASHBUI,94.6,94.65,92.5,93.0,688108,
2022-04-08 12:04:00,ASHBUI,93.25,93.95,90.0,92.95,739579,
2022-04-11 12:04:00,ASHBUI,93.6,94.45,92.8,93.95,503415,
2022-04-12 12:04:00,ASHBUI,93.95,94.0,91.8,92.8,482881,
2022-04-13 12:04:00,ASHBUI,92.8,94.0,90.65,91.05,982307,
2022-04-18 12:04:00,ASHBUI,90.6,90.6,88.15,88.75,803915,
2022-04-19 12:04:00,ASHBUI,89.6,90.7,88.0,88.75,507601,
2022-04-20 12:04:00,ASHBUI,88.8,90.1,88.4,88.95,603442,
2022-04-21 12:04:00,ASHBUI,90.3,90.7,89.3,89.75,507356,
2022-04-22 12:04:00,ASHBUI,89.3,91.2,88.6,89.95,562057,
2022-04-25 12:04:00,ASHBUI,88.8,88.85,87.0,87.35,605860,
2022-04-26 12:04:00,ASHBUI,88.5,89.5,87.2,87.55,377073,
2022-04-27 12:04:00,ASHBUI,88.1,89.95,86.75,87.75,995596,
2022-04-28 12:04:00,ASHBUI,88.6,88.6,86.9,87.1,444982,
2022-04-29 12:04:00,ASHBUI,87.8,87.85,86.05,86.45,504842,
2022-05-02 12:05:00,ASHBUI,85.95,85.95,84.3,84.9,415249,
2022-05-04 12:05:00,ASHBUI,85.6,86.0,82.65,83.55,600335,
2022-05-05 12:05:00,ASHBUI,84.3,84.75,82.1,82.8,370779,
2022-05-06 12:05:00,ASHBUI,81.85,82.15,79.45,80.35,732460,
2022-05-09 12:05:00,ASHBUI,80.0,80.1,77.5,77.9,931111,
2022-05-10 12:05:00,ASHBUI,78.6,79.4,76.0,76.25,583453,
2022-05-11 12:05:00,ASHBUI,76.6,76.7,70.05,73.05,862231,
2022-05-12 12:05:00,ASHBUI,71.75,72.1,70.55,71.5,623074,
2022-05-13 12:05:00,ASHBUI,72.5,75.4,71.75,73.25,668179,
2022-05-16 12:05:00,ASHBUI,74.45,75.0,73.7,74.35,248005,
2022-05-17 12:05:00,ASHBUI,74.95,75.5,74.55,75.25,516628,
2022-05-18 12:05:00,ASHBUI,76.25,76.25,74.0,74.5,667359,
2022-05-19 12:05:00,ASHBUI,73.0,73.45,72.5,73.05,232127,
2022-05-20 12:05:00,ASHBUI,74.2,75.3,73.35,73.95,413416,
2022-05-23 12:05:00,ASHBUI,74.1,74.3,72.0,72.25,538146,
2022-05-24 12:05:00,ASHBUI,72.4,72.65,71.1,71.7,346912,
2022-05-25 12:05:00,ASHBUI,72.4,72.6,69.0,69.25,1045737,
2022-05-26 12:05:00,ASHBUI,72.25,73.0,69.5,71.1,1352724,
2022-05-27 12:05:00,ASHBUI,72.5,73.8,71.4,71.9,833438,
2022-05-30 12:05:00,ASHBUI,73.45,82.6,73.0,81.1,3382343,
2022-05-31 12:05:00,ASHBUI,78.15,83.2,78.15,82.15,1639697,
2022-06-01 12:06:00,ASHBUI,82.3,83.6,81.0,81.5,766525,
2022-06-02 12:06:00,ASHBUI,81.95,82.4,80.6,81.85,480001,
2022-06-03 12:06:00,ASHBUI,84.0,87.95,83.55,85.6,4567457,
2022-06-06 12:06:00,ASHBUI,86.4,88.65,85.55,86.15,3182649,
2022-06-07 12:06:00,ASHBUI,85.5,87.4,84.5,85.75,2063005,
2022-06-08 12:06:00,ASHBUI,86.5,87.5,83.55,84.35,1047886,
2022-06-09 12:06:00,ASHBUI,83.7,84.25,82.2,82.75,509932,
2022-06-10 12:06:00,ASHBUI,81.75,82.4,81.2,81.85,374886,
2022-06-13 12:06:00,ASHBUI,80.05,82.2,78.25,80.0,874686,
2022-06-14 12:06:00,ASHBUI,79.0,80.85,78.05,79.55,420553,
2022-06-15 12:06:00,ASHBUI,80.0,80.7,78.35,78.7,359730,
2022-06-16 12:06:00,ASHBUI,79.8,80.4,75.25,76.15,708059,
2022-06-17 12:06:00,ASHBUI,77.2,77.2,74.2,74.65,444775,
2022-06-20 12:06:00,ASHBUI,74.6,75.4,71.9,74.05,464221,
2022-06-21 12:06:00,ASHBUI,75.2,76.0,74.6,75.4,376779,
2022-06-22 12:06:00,ASHBUI,76.0,76.15,70.8,72.1,409609,
2022-06-23 12:06:00,ASHBUI,72.65,73.9,70.55,71.05,605204,
2022-06-24 12:06:00,ASHBUI,73.8,73.8,71.15,71.95,534482,
2022-06-27 12:06:00,ASHBUI,73.9,74.35,71.45,71.9,902466,
2022-06-28 12:06:00,ASHBUI,72.4,73.45,72.0,73.15,390232,
2022-06-29 12:06:00,ASHBUI,73.0,74.25,72.1,73.85,459716,
2022-06-30 12:06:00,ASHBUI,74.7,74.75,72.3,73.15,483013,
2022-07-01 12:07:00,ASHBUI,73.5,73.6,71.8,72.8,272826,
2022-07-04 12:07:00,ASHBUI,74.05,75.7,73.0,74.55,917658,
2022-07-05 12:07:00,ASHBUI,74.25,75.6,74.25,74.6,317413,
2022-07-06 12:07:00,ASHBUI,74.6,75.5,73.95,75.0,353008,
2022-07-07 12:07:00,ASHBUI,75.55,77.0,75.05,76.6,429618,
2022-07-08 12:07:00,ASHBUI,77.05,77.35,75.1,76.3,493544,
2022-07-11 12:07:00,ASHBUI,76.2,76.7,75.5,76.15,519538,
2022-07-12 12:07:00,ASHBUI,76.5,76.95,75.1,75.6,398477,
2022-07-13 12:07:00,ASHBUI,75.65,76.25,74.5,74.8,377209,
2022-07-14 12:07:00,ASHBUI,75.2,75.5,73.7,74.55,291639,
2022-07-15 12:07:00,ASHBUI,75.1,75.1,73.5,74.4,207932,
2022-07-18 12:07:00,ASHBUI,74.95,75.7,74.7,75.25,603186,
2022-07-19 12:07:00,ASHBUI,74.8,76.85,74.8,75.9,410667,
2022-07-20 12:07:00,ASHBUI,76.7,77.35,76.4,76.65,489109,
2022-07-21 12:07:00,ASHBUI,76.65,76.9,75.0,75.3,718569,
2022-07-22 12:07:00,ASHBUI,75.8,76.05,75.15,75.65,352045,
2022-07-25 12:07:00,ASHBUI,75.5,75.7,74.15,74.55,413944,
2022-07-26 12:07:00,ASHBUI,74.55,74.85,72.0,73.0,541699,
2022-07-27 12:07:00,ASHBUI,73.95,74.45,72.5,73.8,263265,
2022-07-28 12:07:00,ASHBUI,74.4,74.85,73.85,74.4,254312,
2022-07-29 12:07:00,ASHBUI,74.7,75.8,74.6,75.0,484870,
2022-08-01 12:08:00,ASHBUI,75.6,75.75,74.65,75.25,566424,
2022-08-02 12:08:00,ASHBUI,75.4,79.15,74.8,77.15,1726158,
2022-08-03 12:08:00,ASHBUI,77.15,77.45,74.85,75.3,816862,
2022-08-04 12:08:00,ASHBUI,76.0,77.5,74.2,74.85,1035072,
2022-08-05 12:08:00,ASHBUI,75.55,75.75,73.7,74.25,654459,
2022-08-08 12:08:00,ASHBUI,74.6,76.7,74.4,75.0,1619895,
2022-08-10 12:08:00,ASHBUI,75.45,77.6,75.45,76.7,1175736,
2022-08-11 12:08:00,ASHBUI,78.0,78.55,75.8,76.15,845677,
2022-08-12 12:08:00,ASHBUI,76.15,78.4,76.0,77.15,905749,
2022-08-16 12:08:00,ASHBUI,77.8,79.85,77.8,79.45,1426876,
2022-08-17 12:08:00,ASHBUI,80.0,81.0,79.0,80.35,1046774,
2022-08-18 12:08:00,ASHBUI,80.0,80.55,79.0,79.3,676193,
2022-08-19 12:08:00,ASHBUI,79.3,80.0,76.6,77.6,957204,
2022-08-22 12:08:00,ASHBUI,77.3,77.5,76.3,76.6,463612,
2022-08-23 12:08:00,ASHBUI,75.7,78.75,75.6,77.65,531366,
2022-08-24 12:08:00,ASHBUI,77.6,78.55,77.3,78.25,402149,
2022-08-25 12:08:00,ASHBUI,78.9,79.55,78.0,78.4,802696,
2022-08-26 12:08:00,ASHBUI,78.95,80.0,78.9,79.4,601403,
2022-08-29 12:08:00,ASHBUI,77.95,79.85,77.0,79.3,653995,
2022-08-30 12:08:00,ASHBUI,79.9,81.95,79.65,80.5,884923,
2022-09-01 12:09:00,ASHBUI,81.15,85.35,80.6,84.85,2371392,
2022-09-02 12:09:00,ASHBUI,85.45,85.95,83.0,85.1,1620158,
2022-09-05 12:09:00,ASHBUI,85.1,86.75,84.25,86.1,1083435,
2022-09-06 12:09:00,ASHBUI,86.1,88.0,85.5,87.1,1286000,
2022-09-07 12:09:00,ASHBUI,87.2,94.85,86.5,92.1,4613209,
2022-09-08 12:09:00,ASHBUI,93.5,95.75,92.55,93.45,3662019,
2022-09-09 12:09:00,ASHBUI,94.0,94.7,90.2,91.4,2177174,
2022-09-12 12:09:00,ASHBUI,91.6,92.4,87.4,89.65,1170424,
2022-09-13 12:09:00,ASHBUI,89.55,90.7,87.6,88.55,1424819,
2022-09-14 12:09:00,ASHBUI,87.75,91.2,86.9,89.45,1047642,
2022-09-15 12:09:00,ASHBUI,90.15,90.75,88.5,89.2,726009,
2022-09-16 12:09:00,ASHBUI,88.9,88.95,85.0,85.25,989006,
2022-09-19 12:09:00,ASHBUI,85.9,86.0,83.2,83.85,957747,
2022-09-20 12:09:00,ASHBUI,84.45,87.7,84.4,84.85,947929,
2022-09-21 12:09:00,ASHBUI,85.0,85.65,81.85,82.55,722852,
2022-09-22 12:09:00,ASHBUI,86.4,86.4,83.2,84.5,3909343,
2022-09-23 12:09:00,ASHBUI,84.75,84.95,79.8,80.25,1659517,
2022-09-26 12:09:00,ASHBUI,79.25,79.25,73.0,73.65,3236404,
2022-09-27 12:09:00,ASHBUI,75.0,76.15,74.1,75.65,1199274,
2022-09-28 12:09:00,ASHBUI,74.4,78.8,74.0,78.1,1157889,
2022-09-29 12:09:00,ASHBUI,79.9,80.1,76.55,78.5,675108,
2022-09-30 12:09:00,ASHBUI,77.7,79.35,77.05,78.2,598573,
2022-10-03 12:10:00,ASHBUI,78.2,79.4,76.7,77.15,674896,
2022-10-04 12:10:00,ASHBUI,78.15,80.0,77.6,79.8,608614,
2022-10-06 12:10:00,ASHBUI,80.7,81.15,78.85,79.2,673954,
2022-10-07 12:10:00,ASHBUI,79.5,80.55,79.0,80.0,413339,
2022-10-10 12:10:00,ASHBUI,78.9,80.0,78.45,79.4,311443,
2022-10-11 12:10:00,ASHBUI,79.35,79.65,76.5,77.1,403965,
2022-10-12 12:10:00,ASHBUI,77.35,77.45,75.9,76.3,436357,
2022-10-13 12:10:00,ASHBUI,76.5,77.0,75.1,75.95,294353,
2022-10-14 12:10:00,ASHBUI,76.55,78.4,75.55,75.9,561120,
2022-10-17 12:10:00,ASHBUI,76.25,76.5,75.4,75.75,303052,
2022-10-18 12:10:00,ASHBUI,76.15,77.6,75.2,75.95,508595,
2022-10-19 12:10:00,ASHBUI,75.95,76.9,75.05,75.45,424761,
2022-10-20 12:10:00,ASHBUI,75.3,75.85,74.45,75.15,351483,
2022-10-21 12:10:00,ASHBUI,75.2,76.3,73.5,73.95,711283,
2022-10-24 12:10:00,ASHBUI,74.95,76.0,74.7,75.8,181012,
2022-10-25 12:10:00,ASHBUI,75.8,75.8,73.8,73.95,549714,
2022-10-27 12:10:00,ASHBUI,74.6,75.15,74.4,74.85,317378,
2022-10-28 12:10:00,ASHBUI,75.1,75.1,73.75,73.95,545473,
2022-10-31 12:10:00,ASHBUI,74.35,76.0,73.8,74.0,701903,
2022-11-01 12:11:00,ASHBUI,74.4,74.75,73.9,74.4,563455,
2022-11-02 12:11:00,ASHBUI,74.6,75.4,73.85,74.0,576178,
2022-11-03 12:11:00,ASHBUI,74.0,74.6,73.7,73.95,462259,
2022-11-04 12:11:00,ASHBUI,73.95,74.5,73.8,74.05,417168,
2022-11-07 12:11:00,ASHBUI,74.45,74.9,73.65,74.05,701367,
2022-11-09 12:11:00,ASHBUI,74.6,74.9,74.0,74.15,652770,
2022-11-10 12:11:00,ASHBUI,74.0,75.4,73.65,73.8,713141,
2022-11-11 12:11:00,ASHBUI,75.0,76.25,74.0,74.85,861152,
2022-11-14 12:11:00,ASHBUI,74.9,74.95,71.75,73.1,1045112,
2022-11-15 12:11:00,ASHBUI,73.5,74.0,72.85,73.5,437290,
2022-11-16 12:11:00,ASHBUI,73.65,74.0,70.15,71.8,1391589,
2022-11-17 12:11:00,ASHBUI,73.0,73.0,72.0,72.85,596219,
2022-11-18 12:11:00,ASHBUI,73.1,73.3,72.1,72.35,359128,
2022-11-21 12:11:00,ASHBUI,73.9,73.9,71.75,71.95,648570,
2022-11-22 12:11:00,ASHBUI,72.35,73.0,72.3,72.5,362663,
2022-11-23 12:11:00,ASHBUI,72.9,74.65,72.7,73.55,867991,
2022-11-24 12:11:00,ASHBUI,73.9,74.3,73.2,73.7,516064,
2022-11-25 12:11:00,ASHBUI,73.7,75.4,73.5,74.35,636274,
2022-11-28 12:11:00,ASHBUI,74.35,78.45,74.35,77.6,2245703,
2022-11-29 12:11:00,ASHBUI,78.2,79.55,76.55,76.9,1201004,
2022-11-30 12:11:00,ASHBUI,77.5,79.9,77.25,79.35,3004129,
2022-12-01 12:12:00,ASHBUI,79.75,82.55,79.45,81.15,2255290,
2022-12-02 12:12:00,ASHBUI,81.2,83.0,80.3,81.45,1863026,
2022-12-05 12:12:00,ASHBUI,81.9,83.9,80.55,80.95,1583557,
2022-12-06 12:12:00,ASHBUI,81.0,81.85,79.45,80.15,1007687,
2022-12-07 12:12:00,ASHBUI,80.4,84.95,80.2,84.05,4009555,
2022-12-08 12:12:00,ASHBUI,84.1,86.3,83.0,83.9,2426081,
2022-12-09 12:12:00,ASHBUI,84.25,84.45,81.15,83.1,1058108,
2022-12-12 12:12:00,ASHBUI,82.1,82.55,80.8,81.3,756319,
2022-12-13 12:12:00,ASHBUI,81.7,85.7,81.6,84.45,1896921,
2022-12-14 12:12:00,ASHBUI,84.5,86.7,83.3,84.95,2122465,
2022-12-15 12:12:00,ASHBUI,84.7,85.65,83.15,83.55,947446,
2022-12-16 12:12:00,ASHBUI,82.0,84.1,81.95,82.2,660039,
2022-12-19 12:12:00,ASHBUI,83.2,85.5,83.2,84.25,1564573,
2022-12-20 12:12:00,ASHBUI,83.85,85.4,82.2,84.65,1397407,
2022-12-21 12:12:00,ASHBUI,85.0,87.2,82.55,83.15,2779010,
2022-12-22 12:12:00,ASHBUI,83.6,84.45,79.5,82.55,1628155,
2022-12-23 12:12:00,ASHBUI,81.0,81.75,77.5,79.35,1568975,
2022-12-26 12:12:00,ASHBUI,79.5,83.1,77.5,82.1,800844,
2022-12-27 12:12:00,ASHBUI,82.75,87.3,82.45,86.9,2153459,
2022-12-28 12:12:00,ASHBUI,86.9,89.75,86.05,88.1,2150720,
2022-12-29 12:12:00,ASHBUI,91.0,91.95,88.75,89.5,4940134,
2022-12-30 12:12:00,ASHBUI,90.2,90.2,88.55,89.65,1268516,
2023-01-02 12:01:00,ASHBUI,89.65,91.8,89.65,90.4,1576710,
2023-01-03 12:01:00,ASHBUI,90.9,91.8,90.15,91.1,1188202,
2023-01-04 12:01:00,ASHBUI,91.0,91.5,87.0,87.7,978511,
2023-01-05 12:01:00,ASHBUI,88.0,88.45,86.2,87.3,577280,
2023-01-06 12:01:00,ASHBUI,87.5,87.8,85.45,85.9,477277,
2023-01-09 12:01:00,ASHBUI,89.05,90.9,87.5,88.6,2714042,
2023-01-10 12:01:00,ASHBUI,89.3,92.0,87.2,90.75,1362443,
2023-01-11 12:01:00,ASHBUI,92.3,92.3,88.75,89.15,1236522,
2023-01-12 12:01:00,ASHBUI,88.9,90.95,88.45,88.75,1187749,
2023-01-13 12:01:00,ASHBUI,88.4,89.0,87.75,88.3,552197,
2023-01-16 12:01:00,ASHBUI,87.6,88.45,87.25,87.6,354430,
2023-01-17 12:01:00,ASHBUI,87.65,88.7,87.2,87.8,781147,
2023-01-18 12:01:00,ASHBUI,87.75,92.0,87.65,90.7,3142860,
2023-01-19 12:01:00,ASHBUI,89.05,91.1,89.05,90.05,706663,
2023-01-20 12:01:00,ASHBUI,90.05,90.55,88.05,88.35,496618,
2023-01-23 12:01:00,ASHBUI,89.5,90.1,88.0,88.65,660245,
2023-01-24 12:01:00,ASHBUI,88.0,88.75,87.0,87.45,496027,
2023-01-25 12:01:00,ASHBUI,86.55,89.75,86.55,88.4,1209966,
2023-01-27 12:01:00,ASHBUI,88.6,88.6,80.5,82.85,2161761,
2023-01-30 12:01:00,ASHBUI,83.25,84.0,80.25,80.95,1206611,
2023-01-31 12:01:00,ASHBUI,81.55,83.25,81.1,82.95,531487,
2023-02-01 12:02:00,ASHBUI,83.45,84.65,74.4,78.75,2157291,
2023-02-02 12:02:00,ASHBUI,78.8,81.75,77.8,78.2,1241300,
2023-02-03 12:02:00,ASHBUI,78.3,79.9,76.5,78.05,1169631,
2023-02-06 12:02:00,ASHBUI,78.0,78.3,76.15,77.2,655404,
2023-02-07 12:02:00,ASHBUI,77.35,78.4,75.7,77.75,948182,
2023-02-08 12:02:00,ASHBUI,77.75,79.7,77.05,79.1,718242,
2023-02-09 12:02:00,ASHBUI,80.0,80.05,78.1,79.2,567867,
2023-02-10 12:02:00,ASHBUI,79.2,80.55,77.0,78.3,650807,
2023-02-13 12:02:00,ASHBUI,79.3,82.7,79.25,79.85,1744512,
2023-02-14 12:02:00,ASHBUI,79.9,80.45,73.0,74.25,3020267,
2023-02-15 12:02:00,ASHBUI,74.3,76.8,74.3,76.3,1348467,
2023-02-16 12:02:00,ASHBUI,76.8,77.2,76.0,76.65,506147,
2023-02-17 12:02:00,ASHBUI,76.6,77.25,75.8,77.05,437829,
2023-02-20 12:02:00,ASHBUI,77.4,78.55,76.25,76.9,584055,
2023-02-21 12:02:00,ASHBUI,76.9,78.2,76.6,76.95,484197,
2023-02-22 12:02:00,ASHBUI,76.3,76.6,74.75,75.3,480620,
2023-02-23 12:02:00,ASHBUI,75.3,75.95,74.25,75.1,364385,
2023-02-24 12:02:00,ASHBUI,75.45,76.1,75.0,75.3,303738,
2023-02-27 12:02:00,ASHBUI,75.2,76.45,73.6,75.6,550006,
2023-02-28 12:02:00,ASHBUI,75.75,76.1,74.0,74.55,506972,
2023-03-01 12:03:00,ASHBUI,74.55,75.75,74.15,74.5,619151,
2023-03-02 12:03:00,ASHBUI,74.7,75.5,74.4,74.8,347769,
2023-03-03 12:03:00,ASHBUI,75.0,76.75,74.7,76.1,724943,
2023-03-06 12:03:00,ASHBUI,76.9,79.5,76.9,77.9,1436281,
2023-03-08 12:03:00,ASHBUI,78.6,80.55,78.5,79.2,2137792,
2023-03-09 12:03:00,ASHBUI,79.8,80.25,76.25,78.45,872819,
2023-03-10 12:03:00,ASHBUI,77.35,80.6,76.8,80.15,1074135,
2023-03-13 12:03:00,ASHBUI,80.15,80.6,78.3,80.25,1154713,
2023-03-14 12:03:00,ASHBUI,80.25,80.75,78.7,80.2,894666,
2023-03-15 12:03:00,ASHBUI,80.5,80.95,77.95,78.45,377132,
2023-03-16 12:03:00,ASHBUI,78.0,78.45,75.7,76.15,910881,
2023-03-17 12:03:00,ASHBUI,76.8,77.5,75.15,75.85,1326186,
2023-03-20 12:03:00,ASHBUI,75.85,76.95,74.5,75.0,743389,
2023-03-21 12:03:00,ASHBUI,75.65,76.35,74.55,75.3,603425,
2023-03-22 12:03:00,ASHBUI,75.85,76.7,75.35,76.0,281988,
2023-03-23 12:03:00,ASHBUI,76.0,76.65,75.8,75.95,411632,
2023-03-24 12:03:00,ASHBUI,76.5,76.5,73.5,74.0,633355,
2023-03-27 12:03:00,ASHBUI,74.45,74.55,72.5,73.1,655057,
2023-03-28 12:03:00,ASHBUI,73.75,73.8,72.3,72.75,398660,
2023-03-29 12:03:00,ASHBUI,71.65,75.6,71.65,74.85,746529,
2023-03-31 12:03:00,ASHBUI,74.85,75.95,73.65,74.0,580141,
2023-04-03 12:04:00,ASHBUI,74.75,76.1,74.75,75.9,417719,
2023-04-05 12:04:00,ASHBUI,76.05,77.0,75.45,76.25,358648,
2023-04-06 12:04:00,ASHBUI,76.2,85.0,75.8,83.15,3366195,
2023-04-10 12:04:00,ASHBUI,83.15,83.3,80.5,80.8,1014508,
2023-04-11 12:04:00,ASHBUI,80.8,81.65,79.5,79.8,781401,
2023-04-12 12:04:00,ASHBUI,79.5,81.1,79.5,80.65,532267,
2023-04-13 12:04:00,ASHBUI,80.5,85.0,80.5,84.45,3189306,
2023-04-17 12:04:00,ASHBUI,83.4,88.2,83.35,87.6,2768206,
2023-04-18 12:04:00,ASHBUI,87.6,88.0,85.0,86.4,879020,
2023-04-19 12:04:00,ASHBUI,86.4,86.8,84.3,85.15,860314,
2023-04-20 12:04:00,ASHBUI,85.15,86.85,84.0,85.3,1562858,
2023-04-21 12:04:00,ASHBUI,85.5,87.9,85.0,86.1,1393722,
2023-04-24 12:04:00,ASHBUI,86.1,87.4,85.9,86.45,621335,
2023-04-25 12:04:00,ASHBUI,86.85,87.6,84.5,84.85,676638,
2023-04-26 12:04:00,ASHBUI,84.7,85.7,84.25,84.95,449641,
2023-04-27 12:04:00,ASHBUI,85.1,85.65,84.55,84.95,430908,
2023-04-28 12:04:00,ASHBUI,85.65,90.95,85.0,87.85,3252477,
2023-05-02 12:05:00,ASHBUI,88.0,88.75,84.9,85.95,1989994,
2023-05-03 12:05:00,ASHBUI,84.7,87.5,84.3,85.55,1076189,
2023-05-04 12:05:00,ASHBUI,85.35,89.5,85.3,89.15,2343961,
2023-05-05 12:05:00,ASHBUI,89.0,89.3,86.25,86.55,891599,
2023-05-08 12:05:00,ASHBUI,87.5,87.6,85.05,85.45,748915,
2023-05-09 12:05:00,ASHBUI,85.7,86.75,84.65,85.0,617914,
2023-05-10 12:05:00,ASHBUI,85.05,86.0,84.0,85.55,496865,
2023-05-11 12:05:00,ASHBUI,85.9,86.4,84.8,85.0,476000,
2023-05-12 12:05:00,ASHBUI,85.0,86.4,83.7,83.9,943273,
2023-05-15 12:05:00,ASHBUI,83.95,87.7,83.2,85.2,1635646,
2023-05-16 12:05:00,ASHBUI,85.7,86.35,84.2,84.35,710654,
2023-05-17 12:05:00,ASHBUI,84.5,85.7,83.15,83.85,688624,
2023-05-18 12:05:00,ASHBUI,84.35,85.45,83.05,83.45,453130,
2023-05-19 12:05:00,ASHBUI,83.8,84.5,82.4,83.05,689650,
2023-05-22 12:05:00,ASHBUI,77.6,81.05,76.1,79.75,1423530,
2023-05-23 12:05:00,ASHBUI,81.2,81.4,78.7,79.0,788735,
2023-05-24 12:05:00,ASHBUI,79.0,80.5,78.1,78.65,768453,
2023-05-25 12:05:00,ASHBUI,78.0,79.4,76.7,77.0,1236389,
2023-05-26 12:05:00,ASHBUI,77.35,78.9,76.25,76.5,1260246,
2023-05-29 12:05:00,ASHBUI,77.95,78.0,75.65,75.85,1125124,
2023-05-30 12:05:00,ASHBUI,75.9,77.8,74.9,74.95,2369076,
2023-05-31 12:05:00,ASHBUI,75.0,76.5,74.65,75.6,1608989,
2023-06-01 12:06:00,ASHBUI,76.45,78.5,76.0,78.15,1851147,
2023-06-02 12:06:00,ASHBUI,78.75,83.5,78.7,82.0,5152608,
2023-06-05 12:06:00,ASHBUI,83.15,83.4,80.5,81.05,1902200,
2023-06-06 12:06:00,ASHBUI,81.3,81.65,80.15,81.2,823439,
2023-06-07 12:06:00,ASHBUI,81.7,81.95,79.8,80.25,1783979,
2023-06-08 12:06:00,ASHBUI,80.6,81.2,79.1,79.9,968646,
2023-06-09 12:06:00,ASHBUI,80.05,81.8,79.5,79.8,1125354,
2023-06-12 12:06:00,ASHBUI,79.9,80.85,79.6,79.85,810548,
2023-06-13 12:06:00,ASHBUI,80.15,81.35,79.8,80.0,993931,
2023-06-14 12:06:00,ASHBUI,80.6,80.8,79.7,80.1,1039977,
2023-06-15 12:06:00,ASHBUI,80.1,80.1,79.45,79.7,611122,
2023-06-16 12:06:00,ASHBUI,80.0,80.3,79.25,79.4,778413,
2023-06-19 12:06:00,ASHBUI,79.85,81.2,79.25,80.1,1235257,
2023-06-20 12:06:00,ASHBUI,80.1,81.1,79.55,80.65,855867,
2023-06-21 12:06:00,ASHBUI,81.0,81.7,80.0,80.3,1071490,
2023-06-22 12:06:00,ASHBUI,80.45,82.15,79.7,79.95,1231851,
2023-06-23 12:06:00,ASHBUI,80.1,80.3,78.6,78.9,635466,
2023-06-26 12:06:00,ASHBUI,78.75,79.15,78.15,78.65,449817,
2023-06-27 12:06:00,ASHBUI,79.0,82.3,79.0,81.65,2662004,
2023-06-28 12:06:00,ASHBUI,82.4,83.15,80.15,80.4,1663331,
2023-06-30 12:06:00,ASHBUI,80.95,81.2,79.45,79.85,964623,
2023-07-03 12:07:00,ASHBUI,80.3,81.85,80.2,80.4,1214126,
2023-07-04 12:07:00,ASHBUI,80.4,81.95,80.25,80.75,1876050,
2023-07-05 12:07:00,ASHBUI,80.8,81.1,80.05,80.35,792174,
2023-07-06 12:07:00,ASHBUI,80.3,81.6,79.95,80.85,1393570,
2023-07-07 12:07:00,ASHBUI,80.7,82.4,80.5,82.05,2708513,
2023-07-10 12:07:00,ASHBUI,82.4,87.0,82.25,86.65,8870564,
2023-07-11 12:07:00,ASHBUI,87.5,89.4,85.0,87.0,4544934,
2023-07-12 12:07:00,ASHBUI,87.5,93.25,87.4,92.7,10123341,
2023-07-13 12:07:00,ASHBUI,93.8,95.45,93.0,94.6,6950453,
2023-07-14 12:07:00,ASHBUI,95.6,96.35,92.05,92.65,2679585,
2023-07-17 12:07:00,ASHBUI,93.3,95.0,92.35,93.75,2617410,
2023-07-18 12:07:00,ASHBUI,94.05,94.25,89.7,90.7,2809953,
2023-07-19 12:07:00,ASHBUI,91.15,93.3,90.4,92.9,1685645,
2023-07-20 12:07:00,ASHBUI,92.9,93.85,92.25,92.6,1494638,
2023-07-21 12:07:00,ASHBUI,91.95,94.1,91.45,92.8,1406939,
2023-07-24 12:07:00,ASHBUI,93.1,95.7,92.45,94.5,2447382,
2023-07-25 12:07:00,ASHBUI,95.05,99.35,95.0,97.4,4657919,
2023-07-26 12:07:00,ASHBUI,98.0,99.5,96.75,98.2,2375058,
2023-07-27 12:07:00,ASHBUI,98.7,99.45,95.4,98.5,2027236,
2023-07-28 12:07:00,ASHBUI,98.5,99.0,96.35,98.2,1561521,
2023-07-31 12:07:00,ASHBUI,98.6,101.25,98.4,99.85,2219197,
2023-08-01 12:08:00,ASHBUI,100.0,101.95,98.15,98.75,1963638,
2023-08-02 12:08:00,ASHBUI,98.5,106.9,98.3,103.65,9881154,
2023-08-03 12:08:00,ASHBUI,104.1,106.4,103.1,105.55,3497597,
2023-08-04 12:08:00,ASHBUI,106.1,106.7,102.2,102.85,1692377,
2023-08-07 12:08:00,ASHBUI,103.05,105.4,101.3,104.2,1795932,
2023-08-08 12:08:00,ASHBUI,104.2,104.25,101.4,102.35,1377673,
2023-08-09 12:08:00,ASHBUI,102.65,103.8,98.25,99.85,1577871,
2023-08-10 12:08:00,ASHBUI,99.9,101.7,97.7,98.75,2541132,
2023-08-11 12:08:00,ASHBUI,93.9,97.0,90.7,92.8,4760015,
2023-08-14 12:08:00,ASHBUI,96.0,96.0,88.95,91.1,3387043,
2023-08-16 12:08:00,ASHBUI,90.5,94.8,90.15,94.5,2010588,
2023-08-17 12:08:00,ASHBUI,95.0,104.25,95.0,102.15,9423974,
2023-08-18 12:08:00,ASHBUI,102.05,102.8,98.5,100.15,2974871,
2023-08-21 12:08:00,ASHBUI,100.9,102.85,99.7,100.65,1790088,
2023-08-22 12:08:00,ASHBUI,100.9,105.0,100.9,101.65,2262865,
2023-08-23 12:08:00,ASHBUI,102.2,104.0,101.7,102.35,1066350,
2023-08-24 12:08:00,ASHBUI,103.6,104.5,101.5,102.2,1238072,
2023-08-25 12:08:00,ASHBUI,101.5,103.45,98.5,99.25,1851178,
2023-08-28 12:08:00,ASHBUI,99.85,101.5,99.5,100.2,1034220,
2023-08-29 12:08:00,ASHBUI,100.5,104.0,100.5,101.4,1755498,
2023-08-30 12:08:00,ASHBUI,102.3,103.0,100.65,101.15,931006,
2023-08-31 12:08:00,ASHBUI,101.85,103.0,99.8,101.55,1138654,
2023-09-01 12:09:00,ASHBUI,102.15,104.4,101.7,102.25,1593599,
2023-09-04 12:09:00,ASHBUI,102.5,104.0,101.15,102.45,2030622,
2023-09-05 12:09:00,ASHBUI,103.2,114.45,103.0,112.5,12207227,
2023-09-06 12:09:00,ASHBUI,113.75,114.7,108.35,109.25,4501555,
2023-09-07 12:09:00,ASHBUI,109.0,116.5,107.6,115.6,8212506,
2023-09-08 12:09:00,ASHBUI,115.55,115.95,112.85,113.7,3064782,
2023-09-11 12:09:00,ASHBUI,114.25,114.75,111.8,112.4,1688242,
2023-09-12 12:09:00,ASHBUI,112.9,113.3,100.05,101.6,5938339,
2023-09-13 12:09:00,ASHBUI,102.2,105.4,100.9,103.4,2708471,
2023-09-14 12:09:00,ASHBUI,104.1,107.35,104.05,106.95,2093738,
2023-09-15 12:09:00,ASHBUI,107.25,110.5,105.6,108.4,3041862,
2023-09-18 12:09:00,ASHBUI,109.0,109.0,105.0,105.6,1319479,
2023-09-20 12:09:00,ASHBUI,109.25,109.4,105.5,106.0,2813856,
2023-09-21 12:09:00,ASHBUI,105.75,106.8,103.75,104.4,1366115,
2023-09-22 12:09:00,ASHBUI,104.85,105.4,102.5,103.65,1042242,
2023-09-25 12:09:00,ASHBUI,104.45,104.7,101.55,102.2,1139658,
2023-09-26 12:09:00,ASHBUI,102.65,114.0,102.5,110.95,20053484,
2023-09-27 12:09:00,ASHBUI,111.0,111.05,107.9,110.45,3549472,
2023-09-28 12:09:00,ASHBUI,111.0,114.9,110.95,112.15,4728579,
2023-09-29 12:09:00,ASHBUI,112.8,123.3,111.8,122.35,17716622,
2023-10-03 12:10:00,ASHBUI,122.5,125.45,120.1,121.2,8449304,
2023-10-04 12:10:00,ASHBUI,120.9,126.35,119.0,123.9,6962371,
2023-10-05 12:10:00,ASHBUI,124.2,128.5,124.2,127.35,5326483,
2023-10-06 12:10:00,ASHBUI,127.05,128.0,124.85,127.1,2389928,
2023-10-09 12:10:00,ASHBUI,124.35,125.9,120.55,125.1,3007620,
2023-10-10 12:10:00,ASHBUI,126.0,134.0,125.55,132.65,8178753,
2023-10-11 12:10:00,ASHBUI,133.3,135.35,130.6,132.4,4650839,
2023-10-12 12:10:00,ASHBUI,132.5,133.9,128.35,131.0,2272763,
2023-10-13 12:10:00,ASHBUI,131.0,133.35,129.7,130.55,1924967,
2023-10-16 12:10:00,ASHBUI,131.8,136.2,131.15,135.5,3296959,
2023-10-17 12:10:00,ASHBUI,137.0,142.25,135.5,141.25,5399192,
2023-10-18 12:10:00,ASHBUI,141.25,142.15,137.0,140.0,3352748,
2023-10-19 12:10:00,ASHBUI,139.3,145.3,137.5,144.4,5029531,
2023-10-20 12:10:00,ASHBUI,144.95,150.95,138.55,140.95,5844575,
2023-10-23 12:10:00,ASHBUI,141.7,143.5,127.15,130.4,4633205,
2023-10-25 12:10:00,ASHBUI,132.5,134.9,121.75,125.05,3856746,
2023-10-26 12:10:00,ASHBUI,123.7,131.0,120.75,129.45,3713278,
2023-10-27 12:10:00,ASHBUI,131.45,133.95,127.3,129.85,2391219,
2023-10-30 12:10:00,ASHBUI,131.25,132.2,128.5,131.25,1113311,
2023-10-31 12:10:00,ASHBUI,131.6,132.9,129.0,129.95,1146663,
2023-11-01 12:11:00,ASHBUI,130.1,132.65,126.8,127.6,1004499,
2023-11-02 12:11:00,ASHBUI,128.65,136.8,128.65,133.15,3337585,
2023-11-03 12:11:00,ASHBUI,134.5,137.3,133.5,134.4,2030980,
2023-11-06 12:11:00,ASHBUI,135.45,138.8,135.0,137.65,1571719,
2023-11-07 12:11:00,ASHBUI,137.65,138.4,134.15,136.9,975877,
2023-11-08 12:11:00,ASHBUI,137.9,143.85,136.8,140.35,3405324,
2023-11-09 12:11:00,ASHBUI,145.0,145.7,138.7,140.5,4589852,
2023-11-10 12:11:00,ASHBUI,139.95,143.6,136.75,139.15,2435499,
2023-11-12 12:11:00,ASHBUI,140.5,142.4,140.5,141.95,453641,
2023-11-13 12:11:00,ASHBUI,141.95,143.7,138.4,139.75,2359934,
2023-11-15 12:11:00,ASHBUI,141.9,142.0,138.8,140.55,2905776,
2023-11-16 12:11:00,ASHBUI,140.9,151.65,140.25,146.6,8315928,
2023-11-17 12:11:00,ASHBUI,146.6,147.7,143.1,143.95,2233775,
2023-11-20 12:11:00,ASHBUI,144.5,145.5,140.9,141.9,2561323,
2023-11-21 12:11:00,ASHBUI,142.6,146.2,142.6,144.75,2369233,
2023-11-22 12:11:00,ASHBUI,144.9,145.5,139.2,141.35,1834286,
2023-11-23 12:11:00,ASHBUI,141.75,144.05,138.35,138.75,2149346,
2023-11-24 12:11:00,ASHBUI,139.35,141.0,133.5,134.05,3327187,
2023-11-28 12:11:00,ASHBUI,135.15,142.5,135.1,136.35,4041641,
2023-11-29 12:11:00,ASHBUI,137.4,138.75,133.75,134.7,2193518,
2023-11-30 12:11:00,ASHBUI,134.75,141.9,134.1,140.4,6320198,
2023-12-01 12:12:00,ASHBUI,141.45,143.4,137.1,137.9,2549963,
2023-12-04 12:12:00,ASHBUI,142.0,144.4,139.25,140.95,3240920,
2023-12-05 12:12:00,ASHBUI,141.95,144.1,138.2,141.5,2539249,
2023-12-06 12:12:00,ASHBUI,141.5,145.05,140.0,141.5,2278690,
2023-12-07 12:12:00,ASHBUI,141.9,142.15,138.6,140.35,1842414,
2023-12-08 12:12:00,ASHBUI,141.7,145.95,139.05,141.4,4264612,
2023-12-11 12:12:00,ASHBUI,141.8,151.45,141.5,150.05,6891599,
2023-12-12 12:12:00,ASHBUI,151.0,153.05,144.65,145.6,3094886,
2023-12-13 12:12:00,ASHBUI,145.75,151.25,143.75,148.75,3537411,
2023-12-14 12:12:00,ASHBUI,151.2,151.5,148.3,149.05,2633702,
2023-12-15 12:12:00,ASHBUI,150.0,150.2,145.6,146.2,1671116,
2023-12-18 12:12:00,ASHBUI,146.2,149.0,144.2,146.8,1485896,
2023-12-19 12:12:00,ASHBUI,147.5,147.85,144.4,144.95,1307991,
2023-12-20 12:12:00,ASHBUI,146.05,146.9,134.3,135.45,3476445,
2023-12-21 12:12:00,ASHBUI,134.0,138.1,130.85,137.3,2083012,
2023-12-22 12:12:00,ASHBUI,138.1,138.95,135.9,137.45,1286071,
2023-12-26 12:12:00,ASHBUI,137.45,140.55,136.5,139.75,1279594,
2023-12-27 12:12:00,ASHBUI,140.85,142.0,136.85,138.15,1563994,
2023-12-28 12:12:00,ASHBUI,138.8,138.8,136.05,137.0,1133858,
2023-12-29 12:12:00,ASHBUI,136.5,140.7,135.7,139.25,2313597,
2024-01-01 12:01:00,ASHBUI,139.25,139.25,136.55,136.9,1731028,
2024-01-02 12:01:00,ASHBUI,138.0,138.3,135.1,136.8,1380968,
2024-01-03 12:01:00,ASHBUI,136.5,144.0,136.0,142.7,3981377,
2024-01-04 12:01:00,ASHBUI,143.7,147.85,141.3,145.95,5226657,
2024-01-05 12:01:00,ASHBUI,146.85,146.85,142.45,144.35,2010509,
2024-01-08 12:01:00,ASHBUI,144.0,145.9,140.3,143.65,2932694,
2024-01-09 12:01:00,ASHBUI,143.65,164.2,143.65,161.85,25514645,
2024-01-10 12:01:00,ASHBUI,164.4,166.55,158.85,161.65,8659801,
2024-01-11 12:01:00,ASHBUI,161.65,166.05,161.05,162.7,4050129,
2024-01-12 12:01:00,ASHBUI,162.0,164.3,160.55,161.6,2183256,
2024-01-15 12:01:00,ASHBUI,162.75,163.7,155.5,156.8,3528950,
2024-01-16 12:01:00,ASHBUI,157.05,163.1,155.0,157.45,4094501,
2024-01-17 12:01:00,ASHBUI,156.95,164.9,155.45,156.4,4135527,
2024-01-18 12:01:00,ASHBUI,157.15,162.5,150.9,160.95,4075822,
2024-01-19 12:01:00,ASHBUI,162.6,167.8,161.1,162.25,6475242,
2024-01-20 12:01:00,ASHBUI,164.0,166.0,161.1,161.85,1675057,
2024-01-23 12:01:00,ASHBUI,163.6,165.5,158.35,160.95,5740789,
2024-01-24 12:01:00,ASHBUI,161.05,165.1,159.5,163.0,2526353,
2024-01-25 12:01:00,ASHBUI,163.9,169.45,161.3,161.9,4355752,
2024-01-29 12:01:00,ASHBUI,167.85,173.6,164.4,172.4,6160232,
2024-01-30 12:01:00,ASHBUI,176.0,184.0,175.2,177.75,9223151,
2024-01-31 12:01:00,ASHBUI,178.7,183.3,174.7,182.15,3388351,
2024-02-01 12:02:00,ASHBUI,183.65,185.45,176.85,179.25,3098475,
2024-02-02 12:02:00,ASHBUI,180.75,182.4,175.65,176.3,2672932,
2024-02-05 12:02:00,ASHBUI,178.7,186.3,177.85,182.6,6188676,
2024-02-06 12:02:00,ASHBUI,184.0,192.55,182.5,189.35,6460172,
2024-02-07 12:02:00,ASHBUI,189.35,195.5,187.05,193.0,4245269,
2024-02-08 12:02:00,ASHBUI,191.5,191.5,178.3,181.0,4943329,
2024-02-09 12:02:00,ASHBUI,181.0,181.75,170.7,175.75,3259671,
2024-02-12 12:02:00,ASHBUI,178.35,178.35,158.15,160.35,2642524,
2024-02-13 12:02:00,ASHBUI,162.0,169.45,159.0,168.5,2510909,
2024-02-14 12:02:00,ASHBUI,163.05,173.65,163.05,172.45,1993589,
2024-02-15 12:02:00,ASHBUI,172.6,179.2,172.45,176.25,1708929,
2024-02-16 12:02:00,ASHBUI,177.5,179.7,174.0,174.4,1365574,
2024-02-19 12:02:00,ASHBUI,175.25,184.9,173.95,180.0,3439353,
2024-02-20 12:02:00,ASHBUI,179.4,182.5,175.7,177.4,1199307,
2024-02-21 12:02:00,ASHBUI,177.4,179.8,171.0,172.95,1257286,
2024-02-22 12:02:00,ASHBUI,174.0,179.0,169.75,178.4,2037417,
2024-02-23 12:02:00,ASHBUI,178.4,182.65,178.15,178.95,1551900,
2024-02-26 12:02:00,ASHBUI,178.25,182.2,177.9,179.25,902893,
2024-02-27 12:02:00,ASHBUI,179.25,193.55,179.2,185.1,5548458,
2024-02-28 12:02:00,ASHBUI,185.55,186.4,175.4,176.4,2078243,
2024-02-29 12:02:00,ASHBUI,176.5,189.0,174.5,186.3,3396588,
2024-03-01 12:03:00,ASHBUI,187.5,192.5,184.55,186.85,3299460,
2024-03-02 12:03:00,ASHBUI,188.35,191.0,187.05,188.75,260435,
2024-03-04 12:03:00,ASHBUI,189.95,190.0,185.2,186.35,1312479,
2024-03-05 12:03:00,ASHBUI,186.35,188.4,178.85,179.85,1784982,
2024-03-06 12:03:00,ASHBUI,180.0,180.0,166.0,168.3,3555996,
2024-03-07 12:03:00,ASHBUI,168.7,170.7,162.35,163.55,3101745,
2024-03-11 12:03:00,ASHBUI,164.7,168.15,163.75,164.45,2525902,
2024-03-12 12:03:00,ASHBUI,164.2,164.75,155.0,155.6,2206889,
2024-03-13 12:03:00,ASHBUI,157.15,162.5,144.3,146.0,3526711,
2024-03-14 12:03:00,ASHBUI,144.6,165.0,140.9,160.05,3332635,
2024-03-15 12:03:00,ASHBUI,159.95,164.25,155.55,163.2,2271016,
2024-03-18 12:03:00,ASHBUI,164.0,165.75,156.5,157.05,1655531,
2024-03-19 12:03:00,ASHBUI,157.5,158.3,153.0,154.1,1097927,
2024-03-20 12:03:00,ASHBUI,155.0,157.7,150.9,156.85,1260670,
2024-03-21 12:03:00,ASHBUI,160.05,162.1,159.0,160.45,863637,
2024-03-22 12:03:00,ASHBUI,160.95,166.0,160.45,163.9,943539,
2024-03-26 12:03:00,ASHBUI,164.7,164.7,158.65,160.55,1061962,
2024-03-27 12:03:00,ASHBUI,162.35,164.45,158.5,159.7,1122263,
2024-03-28 12:03:00,ASHBUI,161.25,162.15,156.0,156.6,1126377,
2024-04-01 12:04:00,ASHBUI,155.65,160.9,152.4,160.05,2894715,
2024-04-02 12:04:00,ASHBUI,161.05,169.1,160.45,168.3,3141185,
2024-04-03 12:04:00,ASHBUI,169.25,173.8,168.5,172.2,2771041,
2024-04-04 12:04:00,ASHBUI,173.4,174.35,170.55,171.6,1054019,
2024-04-05 12:04:00,ASHBUI,171.35,173.85,168.95,172.9,1169581,
2024-04-08 12:04:00,ASHBUI,173.95,175.5,170.35,173.05,1557272,
2024-04-09 12:04:00,ASHBUI,173.65,176.95,172.0,173.95,1304980,
2024-04-10 12:04:00,ASHBUI,173.5,174.9,171.0,172.9,912691,
2024-04-12 12:04:00,ASHBUI,172.0,176.0,170.35,171.15,1273116,
2024-04-15 12:04:00,ASHBUI,149.05,172.5,149.05,169.15,2424096,
2024-04-16 12:04:00,ASHBUI,166.9,173.6,165.85,171.9,1384153,
2024-04-18 12:04:00,ASHBUI,172.0,175.4,169.85,170.55,1171435,
2024-04-19 12:04:00,ASHBUI,169.1,175.0,167.65,173.3,1385742,
2024-04-22 12:04:00,ASHBUI,174.15,176.0,171.55,175.05,1398091,
2024-04-23 12:04:00,ASHBUI,175.5,180.8,174.5,175.1,1194375,
2024-04-24 12:04:00,ASHBUI,176.0,180.4,175.0,176.75,1203855,
2024-04-25 12:04:00,ASHBUI,176.0,177.5,174.55,175.8,660448,
2024-04-26 12:04:00,ASHBUI,176.05,176.65,174.15,174.95,640104,
2024-04-29 12:04:00,ASHBUI,175.6,179.85,173.7,174.9,799151,
2024-04-30 12:04:00,ASHBUI,175.05,178.45,174.0,174.8,1063179,
2024-05-02 12:05:00,ASHBUI,175.0,177.4,171.1,174.15,794977,
2024-05-03 12:05:00,ASHBUI,175.4,178.5,172.15,173.65,986693,
2024-05-06 12:05:00,ASHBUI,174.0,177.5,170.05,171.75,1054869,
2024-05-07 12:05:00,ASHBUI,172.0,172.2,163.35,165.95,1022111,
2024-05-08 12:05:00,ASHBUI,164.25,172.4,162.8,170.1,1409848,
2024-05-09 12:05:00,ASHBUI,169.0,170.35,162.25,163.1,1006528,
2024-05-10 12:05:00,ASHBUI,164.45,168.35,161.6,166.25,1079874,
2024-05-13 12:05:00,ASHBUI,165.95,167.6,162.9,165.95,653307,
2024-05-14 12:05:00,ASHBUI,167.25,172.9,166.6,172.2,851609,
2024-05-15 12:05:00,ASHBUI,172.0,180.95,171.1,175.7,2657496,
2024-05-16 12:05:00,ASHBUI,176.7,177.8,173.95,174.35,737762,
2024-05-17 12:05:00,ASHBUI,175.0,182.8,174.0,180.95,2401437,
2024-05-18 12:05:00,ASHBUI,181.9,184.65,181.05,181.85,419789,
2024-05-21 12:05:00,ASHBUI,182.0,183.3,177.45,181.55,1081431,
2024-05-22 12:05:00,ASHBUI,183.5,186.15,180.2,182.1,2156341,
2024-05-23 12:05:00,ASHBUI,184.9,197.5,183.9,189.3,6679330,
2024-05-24 12:05:00,ASHBUI,189.3,194.0,180.25,182.05,2889465,
2024-05-27 12:05:00,ASHBUI,183.05,183.35,176.0,178.3,1679152,
2024-05-28 12:05:00,ASHBUI,178.2,181.45,177.05,179.15,1201667,
2024-05-29 12:05:00,ASHBUI,179.0,185.0,178.05,183.9,1999113,
2024-05-30 12:05:00,ASHBUI,182.95,184.2,178.5,180.15,966035,
2024-05-31 12:05:00,ASHBUI,181.05,186.0,180.2,183.35,2405775,
2024-06-03 12:06:00,ASHBUI,199.0,200.0,191.95,195.05,6228859,
2024-06-04 12:06:00,ASHBUI,199.0,199.0,163.0,172.15,6196853,
2024-06-05 12:06:00,ASHBUI,179.0,181.95,167.4,180.1,2709579,
2024-06-06 12:06:00,ASHBUI,183.0,190.05,182.55,186.35,2642559,
2024-06-07 12:06:00,ASHBUI,189.0,212.0,186.7,207.6,14020349,
2024-06-10 12:06:00,ASHBUI,214.0,229.99,214.0,219.21,13678743,
2024-06-11 12:06:00,ASHBUI,221.0,223.59,215.58,218.5,5207666,
2024-06-12 12:06:00,ASHBUI,220.4,226.4,219.6,221.37,5479433,
2024-06-13 12:06:00,ASHBUI,222.0,225.39,219.5,222.56,2726936,
2024-06-14 12:06:00,ASHBUI,223.6,228.79,220.1,223.75,3207839,
2024-06-18 12:06:00,ASHBUI,224.5,228.75,217.51,228.07,3651438,
2024-06-19 12:06:00,ASHBUI,229.5,229.7,220.0,222.14,2068419,
2024-06-20 12:06:00,ASHBUI,220.0,246.5,218.0,243.82,9908084,
2024-06-21 12:06:00,ASHBUI,244.8,246.66,233.24,236.85,6161902,
2024-06-24 12:06:00,ASHBUI,236.8,244.85,235.01,242.37,2796319,
2024-06-25 12:06:00,ASHBUI,244.3,249.0,235.41,237.81,3281117,
2024-06-26 12:06:00,ASHBUI,238.8,239.5,234.26,236.51,2621315,
2024-06-27 12:06:00,ASHBUI,236.51,237.35,223.0,227.36,3411376,
2024-06-28 12:06:00,ASHBUI,230.0,231.9,222.15,224.56,1681338,
2024-07-01 12:07:00,ASHBUI,224.56,230.58,224.56,227.87,1743171,
2024-07-02 12:07:00,ASHBUI,228.6,234.96,227.41,233.15,1945754,
2024-07-03 12:07:00,ASHBUI,233.15,236.2,231.2,235.62,1787944,
2024-07-04 12:07:00,ASHBUI,235.75,236.79,231.61,232.65,961419,
2024-07-05 12:07:00,ASHBUI,232.7,235.75,231.0,231.62,830009,
2024-07-08 12:07:00,ASHBUI,232.0,233.79,227.31,229.53,905798,
2024-07-09 12:07:00,ASHBUI,231.0,239.9,231.0,236.58,2392443,
2024-07-10 12:07:00,ASHBUI,238.45,239.7,229.06,233.09,2050819,
2024-07-11 12:07:00,ASHBUI,234.95,242.5,233.23,240.02,2614856,
2024-07-12 12:07:00,ASHBUI,241.95,243.35,235.01,235.73,1152221,
2024-07-15 12:07:00,ASHBUI,237.15,239.75,229.13,234.52,952060,
2024-07-16 12:07:00,ASHBUI,234.52,237.4,232.94,235.64,815255,
2024-07-18 12:07:00,ASHBUI,235.64,237.0,226.15,227.75,1129628,
2024-07-19 12:07:00,ASHBUI,228.0,228.09,218.5,220.81,1387727,
2024-07-22 12:07:00,ASHBUI,219.5,239.0,215.31,236.72,2550878,
2024-07-23 12:07:00,ASHBUI,238.3,242.5,209.03,240.59,4118336,
2024-07-24 12:07:00,ASHBUI,240.9,263.0,239.14,259.79,7639482,
2024-07-25 12:07:00,ASHBUI,258.0,263.0,253.86,259.93,2467252,
2024-07-26 12:07:00,ASHBUI,260.0,271.9,255.8,263.77,2753975,
2024-07-29 12:07:00,ASHBUI,264.0,267.7,251.01,253.94,2567271,
2024-07-30 12:07:00,ASHBUI,255.0,261.42,252.4,256.93,1130294,
2024-07-31 12:07:00,ASHBUI,256.01,259.99,253.26,255.4,899142,
2024-08-01 12:08:00,ASHBUI,256.0,258.7,252.0,253.7,775122,
2024-08-02 12:08:00,ASHBUI,250.2,255.45,247.55,252.6,754977,
2024-08-05 12:08:00,ASHBUI,245.0,259.85,237.1,239.35,3679388,
2024-08-06 12:08:00,ASHBUI,244.0,250.0,229.1,230.2,1925660,
2024-08-07 12:08:00,ASHBUI,236.75,240.0,232.4,237.5,1014895,
2024-08-08 12:08:00,ASHBUI,238.0,244.0,235.35,237.3,909646,
2024-08-09 12:08:00,ASHBUI,240.0,242.45,238.4,239.45,739278,
2024-08-12 12:08:00,ASHBUI,235.0,248.25,234.35,245.65,1583565,
2024-08-13 12:08:00,ASHBUI,247.1,247.95,230.25,234.25,1222371,
2024-08-14 12:08:00,ASHBUI,239.0,243.45,231.55,233.3,1749949,
2024-08-16 12:08:00,ASHBUI,237.7,237.7,228.15,234.05,1569949,
2024-08-19 12:08:00,ASHBUI,234.95,238.45,232.4,235.95,718749,
2024-08-20 12:08:00,ASHBUI,236.0,239.9,233.0,235.3,802123,
2024-08-21 12:08:00,ASHBUI,236.0,236.0,232.25,233.0,847150,
2024-08-22 12:08:00,ASHBUI,234.9,238.7,233.55,234.75,761180,
2024-08-23 12:08:00,ASHBUI,233.95,238.4,232.0,232.75,1141750,
2024-08-26 12:08:00,ASHBUI,244.8,245.0,232.15,234.65,2836038,
2024-08-27 12:08:00,ASHBUI,235.4,235.8,232.2,234.3,988187,
2024-08-28 12:08:00,ASHBUI,234.3,238.35,232.1,233.25,1051209,
2024-08-29 12:08:00,ASHBUI,233.3,234.9,230.0,230.95,687635,
2024-08-30 12:08:00,ASHBUI,230.8,237.0,227.5,233.5,1024643,
2024-09-02 12:09:00,ASHBUI,234.1,234.7,227.4,231.72,1138944,
2024-09-03 12:09:00,ASHBUI,231.03,237.61,230.05,235.36,866594,
2024-09-04 12:09:00,ASHBUI,235.0,238.0,232.0,236.69,1313215,
2024-09-05 12:09:00,ASHBUI,238.6,274.6,238.11,267.43,13485787,
2024-09-06 12:09:00,ASHBUI,275.0,284.74,263.88,271.12,14627808,
2024-09-09 12:09:00,ASHBUI,270.0,270.39,254.15,255.57,3863641,
2024-09-10 12:09:00,ASHBUI,255.8,262.31,254.11,257.39,1752441,
2024-09-11 12:09:00,ASHBUI,258.91,260.41,246.1,247.8,1430726,
2024-09-12 12:09:00,ASHBUI,251.05,254.65,245.0,246.74,1485335,
2024-09-13 12:09:00,ASHBUI,249.5,264.0,248.2,254.0,2939654,
2024-09-16 12:09:00,ASHBUI,254.35,256.19,248.7,249.76,791461,
2024-09-17 12:09:00,ASHBUI,248.91,253.0,246.95,248.55,908717,
2024-09-18 12:09:00,ASHBUI,248.46,249.31,241.0,241.98,930095,
2024-09-19 12:09:00,ASHBUI,243.9,244.99,234.11,238.89,860872,
2024-09-20 12:09:00,ASHBUI,240.1,242.4,234.7,235.66,1204973,
2024-09-23 12:09:00,ASHBUI,236.75,241.43,236.1,238.52,847908,
2024-09-24 12:09:00,ASHBUI,240.0,252.7,238.6,242.79,2759857,
2024-09-25 12:09:00,ASHBUI,242.6,244.0,236.69,238.46,1359052,
2024-09-26 12:09:00,ASHBUI,238.48,240.21,234.9,236.05,787404,
2024-09-27 12:09:00,ASHBUI,236.05,237.85,231.05,231.91,890113,
2024-09-30 12:09:00,ASHBUI,231.0,232.94,226.05,228.62,1266900,
2024-10-01 12:10:00,ASHBUI,230.2,240.0,230.2,236.74,1207926,
2024-10-03 12:10:00,ASHBUI,244.95,246.95,240.0,242.94,5731752,
2024-10-04 12:10:00,ASHBUI,246.0,251.5,240.6,243.53,3119868,
2024-10-07 12:10:00,ASHBUI,246.0,246.8,228.05,229.99,2139020,
2024-10-08 12:10:00,ASHBUI,230.0,245.1,228.1,242.15,1528609,
2024-10-09 12:10:00,ASHBUI,244.0,248.81,239.01,239.72,1278831,
2024-10-10 12:10:00,ASHBUI,240.65,252.5,240.64,244.03,3125096,
2024-10-11 12:10:00,ASHBUI,244.42,253.89,244.42,251.64,3500773,
2024-10-14 12:10:00,ASHBUI,267.0,272.25,256.3,258.12,11707464,
2024-10-15 12:10:00,ASHBUI,258.12,258.45,251.0,251.52,2405979,
2024-10-16 12:10:00,ASHBUI,256.0,262.0,254.1,256.46,3841430,
2024-10-17 12:10:00,ASHBUI,256.8,257.0,249.12,249.69,1165087,
2024-10-18 12:10:00,ASHBUI,247.1,247.8,241.6,247.06,1338323,
2024-10-21 12:10:00,ASHBUI,249.11,250.5,238.0,238.94,1014905,
2024-10-22 12:10:00,ASHBUI,237.95,238.3,227.96,229.73,1271457,
2024-10-23 12:10:00,ASHBUI,226.99,236.85,223.1,232.35,1218750,
2024-10-24 12:10:00,ASHBUI,232.35,239.0,227.0,227.81,823108,
2024-10-25 12:10:00,ASHBUI,227.81,228.18,211.01,215.79,1649897,
2024-10-28 12:10:00,ASHBUI,219.0,231.96,212.41,229.12,1457815,
2024-10-29 12:10:00,ASHBUI,230.0,231.7,224.6,230.64,971461,
2024-10-30 12:10:00,ASHBUI,230.6,234.93,229.0,233.21,659664,
2024-10-31 12:10:00,ASHBUI,240.0,249.0,237.01,239.59,3780875,
2024-11-01 12:11:00,ASHBUI,242.01,246.45,242.01,245.58,707450,
2024-11-04 12:11:00,ASHBUI,247.0,247.0,236.85,239.62,1732619,
2024-11-05 12:11:00,ASHBUI,238.0,246.9,237.51,240.62,1467412,
2024-11-06 12:11:00,ASHBUI,243.86,244.0,240.0,241.03,1096502,
2024-11-07 12:11:00,ASHBUI,241.03,243.13,238.2,239.38,1032780,
2024-11-08 12:11:00,ASHBUI,238.87,240.4,234.38,235.77,707437,
2024-11-11 12:11:00,ASHBUI,235.75,236.52,231.1,232.1,744373,
2024-11-12 12:11:00,ASHBUI,234.0,234.85,223.05,224.9,871962,
2024-11-13 12:11:00,ASHBUI,239.3,244.0,230.0,233.31,8252305,
2024-11-14 12:11:00,ASHBUI,237.05,239.0,228.4,229.73,2141356,
2024-11-18 12:11:00,ASHBUI,230.08,231.77,223.52,228.92,2277309,
2024-11-19 12:11:00,ASHBUI,237.0,245.0,232.25,234.19,3557740,
2024-11-21 12:11:00,ASHBUI,233.98,234.7,229.72,231.65,944971,
2024-11-22 12:11:00,ASHBUI,232.1,233.45,228.38,231.31,828595,
2024-11-25 12:11:00,ASHBUI,237.0,239.5,232.5,233.06,1649102,
2024-11-26 12:11:00,ASHBUI,242.0,244.86,238.0,241.18,4415047,
2024-11-27 12:11:00,ASHBUI,237.15,241.49,232.65,235.07,3067338,
2024-11-28 12:11:00,ASHBUI,239.0,242.8,237.55,239.38,2533435,
2024-11-29 12:11:00,ASHBUI,240.4,250.9,237.32,249.47,4705411,
2024-12-02 12:12:00,ASHBUI,252.0,257.4,249.02,253.8,3864397,
2024-12-03 12:12:00,ASHBUI,254.0,261.0,252.68,259.82,3924466,
2024-12-04 12:12:00,ASHBUI,260.0,261.95,256.21,260.79,2114781,
2024-12-05 12:12:00,ASHBUI,261.9,264.39,259.5,261.39,1614039,
2024-12-06 12:12:00,ASHBUI,261.0,280.0,260.7,277.33,6377923,
2024-12-09 12:12:00,ASHBUI,279.38,293.29,279.06,284.61,6824740,
2024-12-10 12:12:00,ASHBUI,286.07,295.0,282.0,292.58,5224770,
2024-12-11 12:12:00,ASHBUI,292.6,295.5,288.2,293.36,2557030,
2024-12-12 12:12:00,ASHBUI,292.99,298.99,285.9,288.37,2364598,
2024-12-13 12:12:00,ASHBUI,287.35,296.0,283.51,295.1,3064209,
2024-12-16 12:12:00,ASHBUI,295.1,304.4,290.51,302.17,2865094,
2024-12-17 12:12:00,ASHBUI,301.91,306.5,297.5,298.63,2881923,
2024-12-18 12:12:00,ASHBUI,299.4,310.4,295.2,304.02,4051607,
2024-12-19 12:12:00,ASHBUI,296.7,307.21,295.95,299.89,3365970,
2024-12-20 12:12:00,ASHBUI,300.91,305.79,285.0,290.01,3085364,
2024-12-23 12:12:00,ASHBUI,290.01,292.79,276.49,279.99,2859868,
2024-12-24 12:12:00,ASHBUI,280.1,285.0,279.88,282.9,1319519,
2024-12-26 12:12:00,ASHBUI,284.0,292.0,280.55,281.88,2390464,
2024-12-27 12:12:00,ASHBUI,285.0,295.05,281.71,293.78,2270374,
2024-12-30 12:12:00,ASHBUI,293.51,315.0,293.12,313.19,6227262,
2024-12-31 12:12:00,ASHBUI,315.25,319.0,308.2,311.17,3388860,
2025-01-01 12:01:00,ASHBUI,309.9,310.65,303.4,306.45,1786346,
2025-01-02 12:01:00,ASHBUI,308.5,313.6,306.05,308.6,2593779,
2025-01-03 12:01:00,ASHBUI,308.5,309.9,304.1,305.4,2150144,
2025-01-06 12:01:00,ASHBUI,305.0,306.4,275.8,277.95,4250155,
2025-01-07 12:01:00,ASHBUI,290.0,294.95,282.65,293.35,3755387,
2025-01-08 12:01:00,ASHBUI,295.0,299.65,288.3,291.35,3105839,
2025-01-09 12:01:00,ASHBUI,290.95,290.95,274.35,277.1,1973592,
2025-01-10 12:01:00,ASHBUI,274.8,280.4,266.0,271.6,2743698,
2025-01-13 12:01:00,ASHBUI,271.65,284.5,265.25,270.55,4413217,
2025-01-14 12:01:00,ASHBUI,275.95,279.0,266.45,274.4,2074398,
2025-01-15 12:01:00,ASHBUI,276.0,283.9,273.3,277.05,2501986,
2025-01-16 12:01:00,ASHBUI,280.0,292.5,280.0,289.4,2650681,
2025-01-17 12:01:00,ASHBUI,288.0,294.0,285.0,290.35,2184478,
2025-01-20 12:01:00,ASHBUI,291.4,292.4,284.15,285.25,1858651,
2025-01-21 12:01:00,ASHBUI,286.0,288.3,279.05,280.3,1306290,
2025-01-22 12:01:00,ASHBUI,280.15,280.5,266.55,270.6,1884866,
2025-01-23 12:01:00,ASHBUI,270.0,276.0,267.05,270.9,1169830,
2025-01-24 12:01:00,ASHBUI,269.1,271.0,256.25,257.6,1758750,
2025-01-27 12:01:00,ASHBUI,250.0,254.9,239.1,246.8,2018939,
2025-01-28 12:01:00,ASHBUI,249.0,250.5,232.7,241.5,2793145,
2025-01-29 12:01:00,ASHBUI,242.25,254.5,242.25,252.5,1353158,
2025-01-30 12:01:00,ASHBUI,253.7,258.0,246.5,247.9,1141264,
2025-01-31 12:01:00,ASHBUI,248.1,258.65,246.4,257.8,1284705,
2025-02-01 12:02:00,ASHBUI,257.5,267.95,253.35,255.25,1585201,
2025-02-03 12:02:00,ASHBUI,250.0,250.9,234.25,239.2,2479149,
2025-02-04 12:02:00,ASHBUI,248.0,248.9,240.8,242.8,1415285,
2025-02-05 12:02:00,ASHBUI,243.0,249.0,242.15,246.85,1613403,
2025-02-06 12:02:00,ASHBUI,247.9,252.25,244.55,250.5,1002702,
2025-02-07 12:02:00,ASHBUI,250.95,252.75,246.05,249.1,1123231,
2025-02-10 12:02:00,ASHBUI,249.5,250.65,236.45,237.45,1061417,
2025-02-11 12:02:00,ASHBUI,239.0,245.7,230.0,231.6,2780020,
2025-02-12 12:02:00,ASHBUI,232.05,235.0,217.4,232.0,2758737,
2025-02-13 12:02:00,ASHBUI,232.25,235.9,220.0,221.65,1877276,
2025-02-14 12:02:00,ASHBUI,224.0,224.0,202.5,207.55,3060928,
2025-02-17 12:02:00,ASHBUI,203.4,211.2,201.55,206.55,2973000,
2025-02-18 12:02:00,ASHBUI,206.5,206.55,195.0,197.7,2618288,
2025-02-19 12:02:00,ASHBUI,196.7,206.8,193.35,204.1,3304121,
2025-02-20 12:02:00,ASHBUI,202.95,204.1,199.35,201.15,1528673,
2025-02-21 12:02:00,ASHBUI,200.2,202.3,194.5,195.6,2988601,
2025-02-24 12:02:00,ASHBUI,192.3,198.55,188.7,194.1,2077377,
2025-02-25 12:02:00,ASHBUI,195.75,200.45,189.9,190.95,1643685,
2025-02-27 12:02:00,ASHBUI,190.0,190.9,180.5,181.35,2184881,
2025-02-28 12:02:00,ASHBUI,176.0,179.55,170.1,172.15,3589818,
2025-03-03 12:03:00,ASHBUI,172.74,174.16,162.22,165.79,3105293,
2025-03-04 12:03:00,ASHBUI,162.0,175.55,159.34,170.48,4336823,
2025-03-05 12:03:00,ASHBUI,170.48,182.85,170.48,182.22,2905687,
2025-03-06 12:03:00,ASHBUI,183.51,188.4,180.7,184.68,2606095,
2025-03-07 12:03:00,ASHBUI,184.5,192.83,183.2,189.41,2467786,
2025-03-10 12:03:00,ASHBUI,189.7,190.9,177.2,179.14,2373896,
2025-03-11 12:03:00,ASHBUI,177.71,180.2,174.7,178.12,2603866,
2025-03-12 12:03:00,ASHBUI,180.0,184.34,176.05,176.83,2133557,
2025-03-13 12:03:00,ASHBUI,179.5,179.6,171.63,172.12,1943279,
2025-03-17 12:03:00,ASHBUI,174.14,174.96,167.25,168.17,2174012,
2025-03-18 12:03:00,ASHBUI,169.0,176.0,169.0,175.37,2427423,
2025-03-19 12:03:00,ASHBUI,177.0,188.79,177.0,187.16,4072441,
2025-03-20 12:03:00,ASHBUI,189.0,189.79,182.72,185.29,2732405,
2025-03-21 12:03:00,ASHBUI,185.5,197.8,184.96,192.43,8215807,
2025-03-24 12:03:00,ASHBUI,194.2,201.99,193.94,201.04,3439311,
2025-03-25 12:03:00,ASHBUI,203.0,205.5,193.6,194.45,2591992,
2025-03-26 12:03:00,ASHBUI,195.0,199.65,188.85,190.64,2108756,
2025-03-27 12:03:00,ASHBUI,190.59,203.31,187.75,201.26,5752466,
2025-03-28 12:03:00,ASHBUI,202.0,204.5,191.05,192.51,2395443,
2025-04-01 12:04:00,ASHBUI,192.0,196.63,190.65,194.52,1169866,
